from,to,vote,relationship,year,weight
Unai Simon Mendibil,Lamine Yamal,5,1,2025,NA
Unai Simon Mendibil,Pedri,3,1,2025,NA
Unai Simon Mendibil,Nuno Mendes,1,4,2025,NA
Alvaro Morata Martin,Rodri,5,1,2023,NA
Alvaro Morata Martin,Lionel Messi,3,4,2023,NA
Alvaro Morata Martin,Kylian Mbappé,1,4,2023,NA
Alvaro Morata Martin,Dani Carvajal,5,1,2024,NA
Alvaro Morata Martin,Rodri,3,1,2024,NA
Alvaro Morata Martin,Lamine Yamal,1,1,2024,NA
Luis De La Fuente Castillo,Pedri,5,1,2025,NA
Luis De La Fuente Castillo,Lamine Yamal,3,1,2025,NA
Luis De La Fuente Castillo,Kylian Mbappé,1,4,2025,NA
Luis De La Fuente Castillo,Rodri,5,1,2023,NA
Luis De La Fuente Castillo,Erling Haaland,3,4,2023,NA
Luis De La Fuente Castillo,Lionel Messi,1,4,2023,NA
Luis De La Fuente Castillo,Dani Carvajal,5,1,2024,NA
Luis De La Fuente Castillo,Rodri,3,1,2024,NA
Luis De La Fuente Castillo,Lamine Yamal,1,1,2024,NA
Juan Ignacio Gallardo,Ousmane Dembélé,5,4,2025,NA
Juan Ignacio Gallardo,Lamine Yamal,3,1,2025,NA
Juan Ignacio Gallardo,Kylian Mbappé,1,4,2025,NA
Juan Ignacio Gallardo,Rodri,5,1,2023,NA
Juan Ignacio Gallardo,Erling Haaland,3,4,2023,NA
Juan Ignacio Gallardo,Lionel Messi,1,4,2023,NA
Juan Ignacio Gallardo,Dani Carvajal,5,1,2024,NA
Juan Ignacio Gallardo,Vinícius Jr,3,4,2024,NA
Juan Ignacio Gallardo,Toni Kroos,1,4,2024,NA
Lionel Messi,Ousmane Dembélé,5,4,2025,NA
Lionel Messi,Kylian Mbappé,3,4,2025,NA
Lionel Messi,Lamine Yamal,1,4,2025,NA
Lionel Messi,Erling Haaland,5,4,2023,NA
Lionel Messi,Kylian Mbappé,3,2,2023,NA
Lionel Messi,Julián Álvarez,1,1,2023,NA
Lionel Messi,Lamine Yamal,5,4,2024,NA
Lionel Messi,Kylian Mbappé,3,4,2024,NA
Lionel Messi,Vinícius Jr,1,4,2024,NA
Lionel Scaloni,Kylian Mbappé,5,4,2025,NA
Lionel Scaloni,Pedri,3,4,2025,NA
Lionel Scaloni,Lamine Yamal,1,4,2025,NA
Lionel Scaloni,Lionel Messi,5,1,2023,NA
Lionel Scaloni,Julián Álvarez,3,1,2023,NA
Lionel Scaloni,Kylian Mbappé,1,4,2023,NA
Lionel Scaloni,Lionel Messi,5,1,2024,NA
Lionel Scaloni,Rodri,3,4,2024,NA
Lionel Scaloni,Jude Bellingham,1,4,2024,NA
Claudio Mauri,Lamine Yamal,5,4,2025,NA
Claudio Mauri,Achraf Hakimi,3,4,2025,NA
Claudio Mauri,Cole Palmer,1,4,2025,NA
Claudio Mauri,İlkay Gündoğan,5,4,2023,NA
Claudio Mauri,Erling Haaland,3,4,2023,NA
Claudio Mauri,Lionel Messi,1,1,2023,NA
Claudio Mauri,Rodri,5,4,2024,NA
Claudio Mauri,Lamine Yamal,3,4,2024,NA
Claudio Mauri,Toni Kroos,1,4,2024,NA
Didier Deschamps,Ousmane Dembélé,5,1,2025,NA
Didier Deschamps,Kylian Mbappé,3,1,2025,NA
Didier Deschamps,Achraf Hakimi,1,4,2025,NA
Didier Deschamps,Kylian Mbappé,5,1,2023,NA
Didier Deschamps,Erling Haaland,3,4,2023,NA
Didier Deschamps,Lionel Messi,1,4,2023,NA
Didier Deschamps,Vinícius Jr,5,4,2024,NA
Didier Deschamps,Kylian Mbappé,3,1,2024,NA
Didier Deschamps,Rodri,1,4,2024,NA
Cyrille De La Morinerie,Ousmane Dembélé,5,1,2025,NA
Cyrille De La Morinerie,Lamine Yamal,3,4,2025,NA
Cyrille De La Morinerie,Vitinha,1,4,2025,NA
Cyrille De La Morinerie,Erling Haaland,5,4,2023,NA
Cyrille De La Morinerie,Kevin De Bruyne,3,4,2023,NA
Cyrille De La Morinerie,Kylian Mbappé,1,1,2023,NA
Cyrille De La Morinerie,Vinícius Jr,5,4,2024,NA
Cyrille De La Morinerie,Rodri,3,4,2024,NA
Cyrille De La Morinerie,Jude Bellingham,1,4,2024,NA
Kylian Mbappé,Lionel Messi,5,4,2023,NA
Kylian Mbappé,Erling Haaland,3,4,2023,NA
Kylian Mbappé,Kevin De Bruyne,1,4,2023,NA
Harry Kane,Ousmane Dembélé,5,4,2025,NA
Harry Kane,Vitinha,3,4,2025,NA
Harry Kane,Mohamed Salah,1,4,2025,NA
Harry Kane,Lionel Messi,5,4,2023,NA
Harry Kane,Erling Haaland,3,4,2023,NA
Harry Kane,Bernardo Silva,1,4,2023,NA
Harry Kane,Rodri,5,4,2024,NA
Harry Kane,Jude Bellingham,3,1,2024,NA
Harry Kane,Vinícius Jr,1,4,2024,NA
Thomas Tuchel,Harry Kane,5,1,2025,NA
Thomas Tuchel,Cole Palmer,3,1,2025,NA
Thomas Tuchel,Ousmane Dembélé,1,4,2025,NA
Lee Carsley,Jude Bellingham,5,1,2024,NA
Lee Carsley,Rodri,3,4,2024,NA
Lee Carsley,Lamine Yamal,1,4,2024,NA
Gareth Southgate,Erling Haaland,5,4,2023,NA
Gareth Southgate,Rodri,3,4,2023,NA
Gareth Southgate,Bernardo Silva,1,4,2023,NA
John Cross,Ousmane Dembélé,5,4,2025,NA
John Cross,Lamine Yamal,3,4,2025,NA
John Cross,Vitinha,1,4,2025,NA
John Cross,Erling Haaland,5,4,2023,NA
John Cross,Rodri,3,4,2023,NA
John Cross,Lionel Messi,1,4,2023,NA
John Cross,Rodri,5,4,2024,NA
John Cross,Vinícius Jr,3,4,2024,NA
John Cross,Jude Bellingham,1,1,2024,NA
Marcos Aoás Corrêa,Ousmane Dembélé,5,2,2025,NA
Marcos Aoás Corrêa,Raphinha,3,1,2025,NA
Marcos Aoás Corrêa,Achraf Hakimi,1,2,2025,NA
Carlo Ancelotti,Ousmane Dembélé,5,4,2025,NA
Carlo Ancelotti,Raphinha,3,1,2025,NA
Carlo Ancelotti,Kylian Mbappé,1,4,2025,NA
Carlos Eduardo Mansur,Lamine Yamal,5,4,2025,NA
Carlos Eduardo Mansur,Raphinha,3,1,2025,NA
Carlos Eduardo Mansur,Ousmane Dembélé,1,4,2025,NA
Carlos Eduardo Mansur,Vinícius Jr,5,1,2024,NA
Carlos Eduardo Mansur,Jude Bellingham,3,4,2024,NA
Carlos Eduardo Mansur,Rodri,1,4,2024,NA
Danilo Luiz Da Silva,Vinícius Jr,5,1,2024,NA
Danilo Luiz Da Silva,Jude Bellingham,3,4,2024,NA
Danilo Luiz Da Silva,Lamine Yamal,1,4,2024,NA
Dorival Silvestre Júnior,Vinícius Jr,5,1,2024,NA
Dorival Silvestre Júnior,Jude Bellingham,3,4,2024,NA
Dorival Silvestre Júnior,Lamine Yamal,1,4,2024,NA
Carlos Casemiro,Erling Haaland,5,4,2023,NA
Carlos Casemiro,Lionel Messi,3,4,2023,NA
Carlos Casemiro,Kylian Mbappé,1,4,2023,NA
Fernando Diniz,Lionel Messi,5,4,2023,NA
Fernando Diniz,Kevin De Bruyne,3,4,2023,NA
Fernando Diniz,Erling Haaland,1,4,2023,NA
Martín Fernandez,Erling Haaland,5,4,2023,NA
Martín Fernandez,Rodri,3,4,2023,NA
Martín Fernandez,Bernardo Silva,1,4,2023,NA
Bernardo Silva,Vitinha,5,1,2025,NA
Bernardo Silva,Nuno Mendes,3,1,2025,NA
Bernardo Silva,Ousmane Dembélé,1,4,2025,NA
Bernardo Silva,Rodri,5,2,2024,NA
Bernardo Silva,Vinícius Jr,3,4,2024,NA
Bernardo Silva,Erling Haaland,1,4,2024,NA
Roberto Martinez,Nuno Mendes,5,1,2025,NA
Roberto Martinez,Vitinha,3,1,2025,NA
Roberto Martinez,Lamine Yamal,1,4,2025,NA
Roberto Martinez,Marcelo Brozović,5,4,2023,NA
Roberto Martinez,Bernardo Silva,3,1,2023,NA
Roberto Martinez,Lionel Messi,1,4,2023,NA
Roberto Martinez,Dani Carvajal,5,4,2024,NA
Roberto Martinez,Lamine Yamal,3,4,2024,NA
Roberto Martinez,Vinícius Jr,1,4,2024,NA
Vítor Serpa,Ousmane Dembélé,5,4,2025,NA
Vítor Serpa,Pedri,3,4,2025,NA
Vítor Serpa,Nuno Mendes,1,1,2025,NA
Vítor Serpa,Erling Haaland,5,4,2023,NA
Vítor Serpa,Kevin De Bruyne,3,4,2023,NA
Vítor Serpa,Bernardo Silva,1,1,2023,NA
Vítor Serpa,Rodri,5,4,2024,NA
Vítor Serpa,Lamine Yamal,3,4,2024,NA
Vítor Serpa,Vinícius Jr,1,4,2024,NA
Kepler Ferreira,Bernardo Silva,5,1,2023,NA
Kepler Ferreira,Erling Haaland,3,4,2023,NA
Kepler Ferreira,Victor Osimhen,1,4,2023,NA
Virgil Van Dijk,Mohamed Salah,5,2,2025,NA
Virgil Van Dijk,Ousmane Dembélé,3,4,2025,NA
Virgil Van Dijk,Nuno Mendes,1,4,2025,NA
Virgil Van Dijk,Lionel Messi,5,4,2023,NA
Virgil Van Dijk,Erling Haaland,3,4,2023,NA
Virgil Van Dijk,Kevin De Bruyne,1,4,2023,NA
Virgil Van Dijk,Vinícius Jr,5,4,2024,NA
Virgil Van Dijk,Erling Haaland,3,4,2024,NA
Virgil Van Dijk,Rodri,1,4,2024,NA
Ronald Koeman,Ousmane Dembélé,5,4,2025,NA
Ronald Koeman,Vitinha,3,4,2025,NA
Ronald Koeman,Pedri,1,4,2025,NA
Ronald Koeman,Erling Haaland,5,4,2023,NA
Ronald Koeman,Kylian Mbappé,3,4,2023,NA
Ronald Koeman,Lionel Messi,1,4,2023,NA
Ronald Koeman,Rodri,5,4,2024,NA
Ronald Koeman,Vinícius Jr,3,4,2024,NA
Ronald Koeman,Jude Bellingham,1,4,2024,NA
Jaap De Groot,Ousmane Dembélé,5,4,2025,NA
Jaap De Groot,Lamine Yamal,3,4,2025,NA
Jaap De Groot,Mohamed Salah,1,4,2025,NA
Jaap De Groot,Erling Haaland,5,4,2023,NA
Jaap De Groot,Lionel Messi,3,4,2023,NA
Jaap De Groot,Rodri,1,4,2023,NA
Jaap De Groot,Rodri,5,4,2024,NA
Jaap De Groot,Vinícius Jr,3,4,2024,NA
Jaap De Groot,Lionel Messi,1,4,2024,NA
Youri Tielemans,Ousmane Dembélé,5,4,2025,NA
Youri Tielemans,Lamine Yamal,3,4,2025,NA
Youri Tielemans,Vitinha,1,4,2025,NA
Rudi Garcia,Achraf Hakimi,5,4,2025,NA
Rudi Garcia,Kylian Mbappé,3,4,2025,NA
Rudi Garcia,Vitinha,1,4,2025,NA
Kristof Terreur,Lamine Yamal,5,4,2025,NA
Kristof Terreur,Ousmane Dembélé,3,4,2025,NA
Kristof Terreur,Vitinha,1,4,2025,NA
Kristof Terreur,Erling Haaland,5,4,2023,NA
Kristof Terreur,Kylian Mbappé,3,4,2023,NA
Kristof Terreur,Kevin De Bruyne,1,1,2023,NA
Kristof Terreur,Rodri,5,4,2024,NA
Kristof Terreur,Vinícius Jr,3,4,2024,NA
Kristof Terreur,Jude Bellingham,1,4,2024,NA
Domenico Tedesco,Kevin De Bruyne,5,1,2023,NA
Domenico Tedesco,Kylian Mbappé,3,4,2023,NA
Domenico Tedesco,Erling Haaland,1,4,2023,NA
Domenico Tedesco,Lamine Yamal,5,4,2024,NA
Domenico Tedesco,Florian Wirtz,3,4,2024,NA
Domenico Tedesco,Erling Haaland,1,4,2024,NA
Romelu Lukaku Bolingoli,Lionel Messi,5,4,2023,NA
Romelu Lukaku Bolingoli,Kylian Mbappé,3,4,2023,NA
Romelu Lukaku Bolingoli,Erling Haaland,1,4,2023,NA
Joshua Kimmich,Vitinha,5,4,2025,NA
Joshua Kimmich,Harry Kane,3,2,2025,NA
Joshua Kimmich,Pedri,1,4,2025,NA
Joshua Kimmich,Rodri,5,4,2024,NA
Joshua Kimmich,Toni Kroos,3,1,2024,NA
Joshua Kimmich,Florian Wirtz,1,1,2024,NA
Julian Nagelsmann,Vitinha,5,4,2025,NA
Julian Nagelsmann,Ousmane Dembélé,3,4,2025,NA
Julian Nagelsmann,Harry Kane,1,4,2025,NA
Julian Nagelsmann,Kylian Mbappé,5,4,2023,NA
Julian Nagelsmann,İlkay Gündoğan,3,1,2023,NA
Julian Nagelsmann,Erling Haaland,1,4,2023,NA
Julian Nagelsmann,Florian Wirtz,5,1,2024,NA
Julian Nagelsmann,Rodri,3,4,2024,NA
Julian Nagelsmann,Toni Kroos,1,1,2024,NA
İlkay Gündoğan,Erling Haaland,5,2,2023,NA
İlkay Gündoğan,Lionel Messi,3,4,2023,NA
İlkay Gündoğan,Rodri,1,4,2023,NA
Georg Holzner,Ousmane Dembélé,5,4,2025,NA
Georg Holzner,Vitinha,3,4,2025,NA
Georg Holzner,Nuno Mendes,1,4,2025,NA
Georg Holzner,Erling Haaland,5,4,2023,NA
Georg Holzner,Kevin De Bruyne,3,4,2023,NA
Georg Holzner,Kylian Mbappé,1,4,2023,NA
Georg Holzner,Rodri,5,4,2024,NA
Georg Holzner,Vinícius Jr,3,4,2024,NA
Georg Holzner,Florian Wirtz,1,1,2024,NA
Luka Modric,Vitinha,5,4,2025,NA
Luka Modric,Ousmane Dembélé,3,4,2025,NA
Luka Modric,Lamine Yamal,1,4,2025,NA
Luka Modric,Lionel Messi,5,4,2023,NA
Luka Modric,Rodri,3,4,2023,NA
Luka Modric,Marcelo Brozović,1,1,2023,NA
Luka Modric,Vinícius Jr,5,2,2024,NA
Luka Modric,Jude Bellingham,3,2,2024,NA
Luka Modric,Dani Carvajal,1,2,2024,NA
Zlatko Dalić,Ousmane Dembélé,5,4,2025,NA
Zlatko Dalić,Mohamed Salah,3,4,2025,NA
Zlatko Dalić,Pedri,1,4,2025,NA
Robert Matteoni,Ousmane Dembélé,5,4,2025,NA
Robert Matteoni,Vitinha,3,4,2025,NA
Robert Matteoni,Lamine Yamal,1,4,2025,NA
Robert Matteoni,Rodri,5,4,2023,NA
Robert Matteoni,Victor Osimhen,3,4,2023,NA
Robert Matteoni,Marcelo Brozović,1,1,2023,NA
Robert Matteoni,Rodri,5,4,2024,NA
Robert Matteoni,Vinícius Jr,3,4,2024,NA
Robert Matteoni,Toni Kroos,1,4,2024,NA
Achraf Hakimi,Kylian Mbappé,5,4,2025,NA
Achraf Hakimi,Ousmane Dembélé,3,2,2025,NA
Achraf Hakimi,Raphinha,1,4,2025,NA
Achraf Hakimi,Kylian Mbappé,5,4,2024,NA
Achraf Hakimi,Vinícius Jr,3,4,2024,NA
Achraf Hakimi,Rodri,1,4,2024,NA
Hoalid Regragui,Achraf Hakimi,5,1,2025,NA
Hoalid Regragui,Ousmane Dembélé,3,4,2025,NA
Hoalid Regragui,Lamine Yamal,1,4,2025,NA
Hoalid Regragui,Erling Haaland,5,4,2023,NA
Hoalid Regragui,Lionel Messi,3,4,2023,NA
Hoalid Regragui,Kylian Mbappé,1,4,2023,NA
Jalal Bounouar,Achraf Hakimi,5,1,2025,NA
Jalal Bounouar,Ousmane Dembélé,3,4,2025,NA
Jalal Bounouar,Kylian Mbappé,1,4,2025,NA
Walid Regragui,Vinícius Jr,5,4,2024,NA
Walid Regragui,Rodri,3,4,2024,NA
Walid Regragui,Toni Kroos,1,4,2024,NA
Romain Ghanem Saiss,Erling Haaland,5,4,2023,NA
Romain Ghanem Saiss,Kylian Mbappé,3,4,2023,NA
Romain Ghanem Saiss,Lionel Messi,1,4,2023,NA
Jalal Bouzrara,Erling Haaland,5,4,2023,NA
Jalal Bouzrara,Victor Osimhen,3,4,2023,NA
Jalal Bouzrara,Bernardo Silva,1,4,2023,NA
Jalal Bouzrara,Vinícius Jr,5,4,2024,NA
Jalal Bouzrara,Lamine Yamal,3,4,2024,NA
Jalal Bouzrara,Rodri,1,4,2024,NA
Gianluigi Donnarumma,Ousmane Dembélé,5,2,2025,NA
Gianluigi Donnarumma,Achraf Hakimi,3,2,2025,NA
Gianluigi Donnarumma,Lamine Yamal,1,4,2025,NA
Gianluigi Donnarumma,Lionel Messi,5,2,2023,NA
Gianluigi Donnarumma,Kylian Mbappé,3,2,2023,NA
Gianluigi Donnarumma,Erling Haaland,1,4,2023,NA
Gianluigi Donnarumma,Lionel Messi,5,4,2024,NA
Gianluigi Donnarumma,Kylian Mbappé,3,4,2024,NA
Gianluigi Donnarumma,Vinícius Jr,1,4,2024,NA
Gennaro Gattuso,Kylian Mbappé,5,4,2025,NA
Gennaro Gattuso,Vitinha,3,4,2025,NA
Gennaro Gattuso,Mohamed Salah,1,4,2025,NA
Pierluigi Pardo,Ousmane Dembélé,5,4,2025,NA
Pierluigi Pardo,Lamine Yamal,3,4,2025,NA
Pierluigi Pardo,Mohamed Salah,1,4,2025,NA
Pierluigi Pardo,Erling Haaland,5,4,2023,NA
Pierluigi Pardo,Rodri,3,4,2023,NA
Pierluigi Pardo,Victor Osimhen,1,4,2023,NA
Pierluigi Pardo,Rodri,5,4,2024,NA
Pierluigi Pardo,Vinícius Jr,3,4,2024,NA
Pierluigi Pardo,Lamine Yamal,1,4,2024,NA
Luciano Spalletti,Lionel Messi,5,4,2023,NA
Luciano Spalletti,Kylian Mbappé,3,4,2023,NA
Luciano Spalletti,Victor Osimhen,1,4,2023,NA
Luciano Spalletti,Toni Kroos,5,4,2024,NA
Luciano Spalletti,Jude Bellingham,3,4,2024,NA
Luciano Spalletti,Lionel Messi,1,4,2024,NA
James Rodríguez,Ousmane Dembélé,5,4,2025,NA
James Rodríguez,Kylian Mbappé,3,4,2025,NA
James Rodríguez,Lamine Yamal,1,4,2025,NA
James Rodríguez,Vinícius Jr,5,4,2024,NA
James Rodríguez,Dani Carvajal,3,4,2024,NA
James Rodríguez,Jude Bellingham,1,4,2024,NA
Néstor Lorenzo,Harry Kane,5,4,2025,NA
Néstor Lorenzo,Vitinha,3,4,2025,NA
Néstor Lorenzo,Ousmane Dembélé,1,4,2025,NA
Néstor Lorenzo,Lionel Messi,5,4,2023,NA
Néstor Lorenzo,Marcelo Brozović,3,4,2023,NA
Néstor Lorenzo,Rodri,1,4,2023,NA
Néstor Lorenzo,Lionel Messi,5,4,2024,NA
Néstor Lorenzo,Jude Bellingham,3,4,2024,NA
Néstor Lorenzo,Vinícius Jr,1,4,2024,NA
Diego Rueda ,Ousmane Dembélé,5,4,2025,NA
Diego Rueda ,Lamine Yamal,3,4,2025,NA
Diego Rueda ,Vitinha,1,4,2025,NA
Diego Rueda,Erling Haaland,5,4,2023,NA
Diego Rueda,Kevin De Bruyne,3,4,2023,NA
Diego Rueda,Rodri,1,4,2023,NA
Diego Rueda ,Rodri,5,4,2024,NA
Diego Rueda ,Vinícius Jr,3,4,2024,NA
Diego Rueda ,Lamine Yamal,1,4,2024,NA
Radamel Falcao Garcia Zarate,Lionel Messi,5,4,2023,NA
Radamel Falcao Garcia Zarate,Kylian Mbappé,3,4,2023,NA
Radamel Falcao Garcia Zarate,Bernardo Silva,1,4,2023,NA
Tim Ream,Ousmane Dembélé,5,4,2025,NA
Tim Ream,Kylian Mbappé,3,4,2025,NA
Tim Ream,Nuno Mendes,1,4,2025,NA
Tim Ream,Rodri,5,4,2024,NA
Tim Ream,Vinícius Jr,3,4,2024,NA
Tim Ream,Jude Bellingham,1,4,2024,NA
Mauricio Pochettino,Ousmane Dembélé,5,4,2025,NA
Mauricio Pochettino,Kylian Mbappé,3,4,2025,NA
Mauricio Pochettino,Harry Kane,1,4,2025,NA
Mauricio Pochettino,Lionel Messi,5,4,2024,NA
Mauricio Pochettino,Rodri,3,4,2024,NA
Mauricio Pochettino,Vinícius Jr,1,4,2024,NA
Douglas Mcintyre,Lamine Yamal,5,4,2025,NA
Douglas Mcintyre,Ousmane Dembélé,3,4,2025,NA
Douglas Mcintyre,Raphinha,1,4,2025,NA
Douglas Mcintyre,Erling Haaland,5,4,2023,NA
Douglas Mcintyre,Lionel Messi,3,4,2023,NA
Douglas Mcintyre,Kylian Mbappé,1,4,2023,NA
Douglas Mcintyre,Jude Bellingham,5,4,2024,NA
Douglas Mcintyre,Rodri,3,4,2024,NA
Douglas Mcintyre,Vinícius Jr,1,4,2024,NA
Christian Mate Pulisic,Lionel Messi,5,4,2023,NA
Christian Mate Pulisic,Kylian Mbappé,3,4,2023,NA
Christian Mate Pulisic,Erling Haaland,1,4,2023,NA
Gregg Berhalter,Rodri,5,4,2023,NA
Gregg Berhalter,Erling Haaland,3,4,2023,NA
Gregg Berhalter,Lionel Messi,1,4,2023,NA
Edson Omar Alvarez Velazquez,Ousmane Dembélé,5,4,2025,NA
Edson Omar Alvarez Velazquez,Harry Kane,3,4,2025,NA
Edson Omar Alvarez Velazquez,Kylian Mbappé,1,4,2025,NA
Edson Omar Alvarez Velazquez,Vinícius Jr,5,4,2024,NA
Edson Omar Alvarez Velazquez,Rodri,3,4,2024,NA
Edson Omar Alvarez Velazquez,Erling Haaland,1,4,2024,NA
Javier Aguirre,Kylian Mbappé,5,4,2025,NA
Javier Aguirre,Mohamed Salah,3,4,2025,NA
Javier Aguirre,Achraf Hakimi,1,4,2025,NA
Javier Aguirre,Lionel Messi,5,4,2024,NA
Javier Aguirre,Rodri,3,4,2024,NA
Javier Aguirre,Lamine Yamal,1,4,2024,NA
Francisco Javier González,Ousmane Dembélé,5,4,2025,NA
Francisco Javier González,Vitinha,3,4,2025,NA
Francisco Javier González,Lamine Yamal,1,4,2025,NA
Francisco Javier González,Erling Haaland,5,4,2023,NA
Francisco Javier González,Bernardo Silva,3,4,2023,NA
Francisco Javier González,Kevin De Bruyne,1,4,2023,NA
Francisco Javier González,Vinícius Jr,5,4,2024,NA
Francisco Javier González,Rodri,3,4,2024,NA
Francisco Javier González,Dani Carvajal,1,4,2024,NA
Guillermo Ochoa,Lionel Messi,5,4,2023,NA
Guillermo Ochoa,Kylian Mbappé,3,4,2023,NA
Guillermo Ochoa,Erling Haaland,1,4,2023,NA
Jaime Arturo Lozano Espin,Erling Haaland,5,4,2023,NA
Jaime Arturo Lozano Espin,Julián Álvarez,3,4,2023,NA
Jaime Arturo Lozano Espin,İlkay Gündoğan,1,4,2023,NA
Jose Gimenez,Ousmane Dembélé,5,4,2025,NA
Jose Gimenez,Vitinha,3,4,2025,NA
Jose Gimenez,Raphinha,1,4,2025,NA
Jose Gimenez,Federico Valverde,5,1,2024,NA
Jose Gimenez,Rodri,3,4,2024,NA
Jose Gimenez,Erling Haaland,1,4,2024,NA
Marcelo Bielsa,Kylian Mbappé,5,4,2025,NA
Marcelo Bielsa,Raphinha,3,4,2025,NA
Marcelo Bielsa,Pedri,1,4,2025,NA
Marcelo Bielsa,Lionel Messi,5,4,2023,NA
Marcelo Bielsa,Erling Haaland,3,4,2023,NA
Marcelo Bielsa,İlkay Gündoğan,1,4,2023,NA
Marcelo Bielsa,Lionel Messi,5,4,2024,NA
Marcelo Bielsa,Rodri,3,4,2024,NA
Marcelo Bielsa,Federico Valverde,1,1,2024,NA
Rómulo Martínez Chenlo,Lamine Yamal,5,4,2025,NA
Rómulo Martínez Chenlo,Vitinha,3,4,2025,NA
Rómulo Martínez Chenlo,Achraf Hakimi,1,4,2025,NA
Rómulo Martínez Chenlo,Lionel Messi,5,4,2023,NA
Rómulo Martínez Chenlo,Erling Haaland,3,4,2023,NA
Rómulo Martínez Chenlo,Declan Rice,1,4,2023,NA
Rómulo Martínez Chenlo,Federico Valverde,5,1,2024,NA
Rómulo Martínez Chenlo,Lamine Yamal,3,4,2024,NA
Rómulo Martínez Chenlo,Vinícius Jr,1,4,2024,NA
Granit Xhaka,Ousmane Dembélé,5,4,2025,NA
Granit Xhaka,Achraf Hakimi,3,4,2025,NA
Granit Xhaka,Lamine Yamal,1,4,2025,NA
Granit Xhaka,Lionel Messi,5,4,2023,NA
Granit Xhaka,Erling Haaland,3,4,2023,NA
Granit Xhaka,Kylian Mbappé,1,4,2023,NA
Granit Xhaka,Florian Wirtz,5,2,2024,NA
Granit Xhaka,Toni Kroos,3,4,2024,NA
Granit Xhaka,Vinícius Jr,1,4,2024,NA
Murat Yakin,Lamine Yamal,5,4,2025,NA
Murat Yakin,Ousmane Dembélé,3,4,2025,NA
Murat Yakin,Kylian Mbappé,1,4,2025,NA
Murat Yakin,Lionel Messi,5,4,2023,NA
Murat Yakin,Julián Álvarez,3,4,2023,NA
Murat Yakin,Kylian Mbappé,1,4,2023,NA
Murat Yakin,Florian Wirtz,5,4,2024,NA
Murat Yakin,Federico Valverde,3,4,2024,NA
Murat Yakin,Lamine Yamal,1,4,2024,NA
Tobias Wedermann,Ousmane Dembélé,5,4,2025,NA
Tobias Wedermann,Mohamed Salah,3,4,2025,NA
Tobias Wedermann,Vitinha,1,4,2025,NA
Tobias Wedermann,Erling Haaland,5,4,2023,NA
Tobias Wedermann,Kylian Mbappé,3,4,2023,NA
Tobias Wedermann,Kevin De Bruyne,1,4,2023,NA
Tobias Wedermann,Rodri,5,4,2024,NA
Tobias Wedermann,Vinícius Jr,3,4,2024,NA
Tobias Wedermann,Jude Bellingham,1,4,2024,NA
Wataru Endo,Mohamed Salah,5,2,2025,NA
Wataru Endo,Ousmane Dembélé,3,4,2025,NA
Wataru Endo,Nuno Mendes,1,4,2025,NA
Wataru Endo,Kevin De Bruyne,5,4,2023,NA
Wataru Endo,Erling Haaland,3,4,2023,NA
Wataru Endo,Lionel Messi,1,4,2023,NA
Wataru Endo,Jude Bellingham,5,4,2024,NA
Wataru Endo,Vinícius Jr,3,4,2024,NA
Wataru Endo,Rodri,1,4,2024,NA
Hajime Moriyasu,Kylian Mbappé,5,4,2025,NA
Hajime Moriyasu,Lamine Yamal,3,4,2025,NA
Hajime Moriyasu,Achraf Hakimi,1,4,2025,NA
Hajime Moriyasu,Kylian Mbappé,5,4,2023,NA
Hajime Moriyasu,Erling Haaland,3,4,2023,NA
Hajime Moriyasu,Lionel Messi,1,4,2023,NA
Hajime Moriyasu,Rodri,5,4,2024,NA
Hajime Moriyasu,Erling Haaland,3,4,2024,NA
Hajime Moriyasu,Kylian Mbappé,1,4,2024,NA
Hideo Tamaru,Ousmane Dembélé,5,4,2025,NA
Hideo Tamaru,Mohamed Salah,3,4,2025,NA
Hideo Tamaru,Raphinha,1,4,2025,NA
Hideo Tamaru,Erling Haaland,5,4,2023,NA
Hideo Tamaru,Kevin De Bruyne,3,4,2023,NA
Hideo Tamaru,Victor Osimhen,1,4,2023,NA
Hideo Tamaru,Rodri,5,4,2024,NA
Hideo Tamaru,Jude Bellingham,3,4,2024,NA
Hideo Tamaru,Vinícius Jr,1,4,2024,NA
Kalidou Koulibaly,Ousmane Dembélé,5,4,2025,NA
Kalidou Koulibaly,Achraf Hakimi,3,4,2025,NA
Kalidou Koulibaly,Lamine Yamal,1,4,2025,NA
Kalidou Koulibaly,Lionel Messi,5,4,2023,NA
Kalidou Koulibaly,Erling Haaland,3,4,2023,NA
Kalidou Koulibaly,Kylian Mbappé,1,4,2023,NA
Kalidou Koulibaly,Vinícius Jr,5,4,2024,NA
Kalidou Koulibaly,Dani Carvajal,3,4,2024,NA
Kalidou Koulibaly,Rodri,1,4,2024,NA
Pape Bouna Thiaw,Ousmane Dembélé,5,4,2025,NA
Pape Bouna Thiaw,Achraf Hakimi,3,4,2025,NA
Pape Bouna Thiaw,Raphinha,1,4,2025,NA
Pape Bouna Thiaw,Vinícius Jr,5,4,2024,NA
Pape Bouna Thiaw,Rodri,3,4,2024,NA
Pape Bouna Thiaw,Jude Bellingham,1,4,2024,NA
Thierno Souleymane Diallo,Ousmane Dembélé,5,4,2025,NA
Thierno Souleymane Diallo,Achraf Hakimi,3,4,2025,NA
Thierno Souleymane Diallo,Kylian Mbappé,1,4,2025,NA
Thierno Souleymane Diallo,Kylian Mbappé,5,4,2023,NA
Thierno Souleymane Diallo,Erling Haaland,3,4,2023,NA
Thierno Souleymane Diallo,Victor Osimhen,1,4,2023,NA
Thierno Souleymane Diallo,Vinícius Jr,5,4,2024,NA
Thierno Souleymane Diallo,Dani Carvajal,3,4,2024,NA
Thierno Souleymane Diallo,Lionel Messi,1,4,2024,NA
Aliou Cissé,Erling Haaland,5,4,2023,NA
Aliou Cissé,Kylian Mbappé,3,4,2023,NA
Aliou Cissé,Victor Osimhen,1,4,2023,NA
Alireza Jahanbakhsh,Ousmane Dembélé,5,4,2025,NA
Alireza Jahanbakhsh,Lamine Yamal,3,4,2025,NA
Alireza Jahanbakhsh,Vitinha,1,4,2025,NA
Alireza Jahanbakhsh,Vinícius Jr,5,4,2024,NA
Alireza Jahanbakhsh,Rodri,3,4,2024,NA
Alireza Jahanbakhsh,Dani Carvajal,1,4,2024,NA
Ardeshir Ghalehnoy,Ousmane Dembélé,5,4,2025,NA
Ardeshir Ghalehnoy,Kylian Mbappé,3,4,2025,NA
Ardeshir Ghalehnoy,Vitinha,1,4,2025,NA
Ardeshir Ghalehnoy,Lionel Messi,5,4,2023,NA
Ardeshir Ghalehnoy,Kevin De Bruyne,3,4,2023,NA
Ardeshir Ghalehnoy,Erling Haaland,1,4,2023,NA
Ardeshir Ghalehnoy,Lamine Yamal,5,4,2024,NA
Ardeshir Ghalehnoy,Vinícius Jr,3,4,2024,NA
Ardeshir Ghalehnoy,Rodri,1,4,2024,NA
Masoud Hossein,Ousmane Dembélé,5,4,2025,NA
Masoud Hossein,Nuno Mendes,3,4,2025,NA
Masoud Hossein,Vitinha,1,4,2025,NA
Masoud Hossein,Kevin De Bruyne,5,4,2023,NA
Masoud Hossein,Rodri,3,4,2023,NA
Masoud Hossein,Marcelo Brozović,1,4,2023,NA
Masoud Hossein,Vinícius Jr,5,4,2024,NA
Masoud Hossein,Rodri,3,4,2024,NA
Masoud Hossein,Erling Haaland,1,4,2024,NA
Ehsan Hajisafi,Erling Haaland,5,4,2023,NA
Ehsan Hajisafi,Lionel Messi,3,4,2023,NA
Ehsan Hajisafi,Rodri,1,4,2023,NA
Pierre Emile Højbjerg,Ousmane Dembélé,5,4,2025,NA
Pierre Emile Højbjerg,Kylian Mbappé,3,4,2025,NA
Pierre Emile Højbjerg,Harry Kane,1,4,2025,NA
Pierre Emile Højbjerg,Erling Haaland,5,4,2024,NA
Pierre Emile Højbjerg,Vinícius Jr,3,4,2024,NA
Pierre Emile Højbjerg,Rodri,1,4,2024,NA
Brian Riemer,Kylian Mbappé,5,4,2025,NA
Brian Riemer,Ousmane Dembélé,3,4,2025,NA
Brian Riemer,Lamine Yamal,1,4,2025,NA
Brian Riemer,Rodri,5,4,2024,NA
Brian Riemer,Jude Bellingham,3,4,2024,NA
Brian Riemer,Lamine Yamal,1,4,2024,NA
Klaus Egelund,Mohamed Salah,5,4,2025,NA
Klaus Egelund,Ousmane Dembélé,3,4,2025,NA
Klaus Egelund,Vitinha,1,4,2025,NA
Klaus Egelund,Erling Haaland,5,4,2023,NA
Klaus Egelund,Kevin De Bruyne,3,4,2023,NA
Klaus Egelund,Khvicha Kvaratskhelia,1,4,2023,NA
Klaus Egelund,Rodri,5,4,2024,NA
Klaus Egelund,Toni Kroos,3,4,2024,NA
Klaus Egelund,Vinícius Jr,1,4,2024,NA
Simon Kjär,Lionel Messi,5,4,2023,NA
Simon Kjär,Erling Haaland,3,4,2023,NA
Simon Kjär,Kylian Mbappé,1,4,2023,NA
Kasper Hjulmand,Kevin De Bruyne,5,4,2023,NA
Kasper Hjulmand,Lionel Messi,3,4,2023,NA
Kasper Hjulmand,Erling Haaland,1,4,2023,NA
Heung Min Son,Ousmane Dembélé,5,4,2025,NA
Heung Min Son,Harry Kane,3,4,2025,NA
Heung Min Son,Lamine Yamal,1,4,2025,NA
Heung Min Son,Lionel Messi,5,4,2023,NA
Heung Min Son,Erling Haaland,3,4,2023,NA
Heung Min Son,Kylian Mbappé,1,4,2023,NA
Heung Min Son,Rodri,5,4,2024,NA
Heung Min Son,Vinícius Jr,3,4,2024,NA
Heung Min Son,Dani Carvajal,1,4,2024,NA
Myung Bo Hong,Ousmane Dembélé,5,4,2025,NA
Myung Bo Hong,Lamine Yamal,3,4,2025,NA
Myung Bo Hong,Vitinha,1,4,2025,NA
Myung Bo Hong,Rodri,5,4,2024,NA
Myung Bo Hong,Vinícius Jr,3,4,2024,NA
Myung Bo Hong,Lamine Yamal,1,4,2024,NA
Gun Lee,Ousmane Dembélé,5,4,2025,NA
Gun Lee,Harry Kane,3,4,2025,NA
Gun Lee,Mohamed Salah,1,4,2025,NA
Gun Lee,Kevin De Bruyne,5,4,2023,NA
Gun Lee,Erling Haaland,3,4,2023,NA
Gun Lee,Victor Osimhen,1,4,2023,NA
Gun Lee,Rodri,5,4,2024,NA
Gun Lee,Toni Kroos,3,4,2024,NA
Gun Lee,Jude Bellingham,1,4,2024,NA
Juergen Klinsmann,Erling Haaland,5,4,2023,NA
Juergen Klinsmann,Victor Osimhen,3,4,2023,NA
Juergen Klinsmann,İlkay Gündoğan,1,4,2023,NA
Enner Valencia,Ousmane Dembélé,5,4,2025,NA
Enner Valencia,Kylian Mbappé,3,4,2025,NA
Enner Valencia,Lamine Yamal,1,4,2025,NA
Enner Valencia,Lionel Messi,5,4,2023,NA
Enner Valencia,Kylian Mbappé,3,4,2023,NA
Enner Valencia,Erling Haaland,1,4,2023,NA
Enner Valencia,Vinícius Jr,5,4,2024,NA
Enner Valencia,Toni Kroos,3,4,2024,NA
Enner Valencia,Rodri,1,4,2024,NA
Sebastián Beccacece,Lamine Yamal,5,4,2025,NA
Sebastián Beccacece,Harry Kane,3,4,2025,NA
Sebastián Beccacece,Vitinha,1,4,2025,NA
Sebastián Beccacece,Lionel Messi,5,4,2024,NA
Sebastián Beccacece,Rodri,3,4,2024,NA
Sebastián Beccacece,Lamine Yamal,1,4,2024,NA
Tito Rosales Cox,Ousmane Dembélé,5,4,2025,NA
Tito Rosales Cox,Nuno Mendes,3,4,2025,NA
Tito Rosales Cox,Lamine Yamal,1,4,2025,NA
Tito Rosales Cox,Erling Haaland,5,4,2023,NA
Tito Rosales Cox,Marcelo Brozović,3,4,2023,NA
Tito Rosales Cox,Lionel Messi,1,4,2023,NA
Tito Rosales Cox,Rodri,5,4,2024,NA
Tito Rosales Cox,Vinícius Jr,3,4,2024,NA
Tito Rosales Cox,Dani Carvajal,1,4,2024,NA
Felix Sanchez Bas,Kevin De Bruyne,5,4,2023,NA
Felix Sanchez Bas,Lionel Messi,3,4,2023,NA
Felix Sanchez Bas,Kylian Mbappé,1,4,2023,NA
David Alaba,Kylian Mbappé,5,2,2025,NA
David Alaba,Achraf Hakimi,3,4,2025,NA
David Alaba,Ousmane Dembélé,1,4,2025,NA
David Alaba,Erling Haaland,5,4,2023,NA
David Alaba,Rodri,3,4,2023,NA
David Alaba,Kevin De Bruyne,1,4,2023,NA
David Alaba,Vinícius Jr,5,2,2024,NA
David Alaba,Dani Carvajal,3,2,2024,NA
David Alaba,Jude Bellingham,1,2,2024,NA
Ralf Rangnick,Ousmane Dembélé,5,4,2025,NA
Ralf Rangnick,Harry Kane,3,4,2025,NA
Ralf Rangnick,Kylian Mbappé,1,4,2025,NA
Ralf Rangnick,Erling Haaland,5,4,2023,NA
Ralf Rangnick,İlkay Gündoğan,3,4,2023,NA
Ralf Rangnick,Kevin De Bruyne,1,4,2023,NA
Ralf Rangnick,Rodri,5,4,2024,NA
Ralf Rangnick,Erling Haaland,3,4,2024,NA
Ralf Rangnick,Florian Wirtz,1,4,2024,NA
Stefan Grüneis,Ousmane Dembélé,5,4,2025,NA
Stefan Grüneis,Vitinha,3,4,2025,NA
Stefan Grüneis,Lamine Yamal,1,4,2025,NA
Stefan Grüneis,Rodri,5,4,2024,NA
Stefan Grüneis,Vinícius Jr,3,4,2024,NA
Stefan Grüneis,Erling Haaland,1,4,2024,NA
Lackner Gerhard,Lionel Messi,5,4,2023,NA
Lackner Gerhard,Kylian Mbappé,3,4,2023,NA
Lackner Gerhard,Declan Rice,1,4,2023,NA
Hakan Calhanoglu,Ousmane Dembélé,5,4,2025,NA
Hakan Calhanoglu,Nuno Mendes,3,4,2025,NA
Hakan Calhanoglu,Achraf Hakimi,1,4,2025,NA
Hakan Calhanoglu,Lionel Messi,5,4,2023,NA
Hakan Calhanoglu,Erling Haaland,3,4,2023,NA
Hakan Calhanoglu,Kylian Mbappé,1,4,2023,NA
Hakan Calhanoglu,Toni Kroos,5,4,2024,NA
Hakan Calhanoglu,Lamine Yamal,3,4,2024,NA
Hakan Calhanoglu,Florian Wirtz,1,4,2024,NA
Vincenzo Montella,Pedri,5,4,2025,NA
Vincenzo Montella,Harry Kane,3,4,2025,NA
Vincenzo Montella,Mohamed Salah,1,4,2025,NA
Vincenzo Montella,Lionel Messi,5,4,2023,NA
Vincenzo Montella,Erling Haaland,3,4,2023,NA
Vincenzo Montella,Bernardo Silva,1,4,2023,NA
Vincenzo Montella,Toni Kroos,5,4,2024,NA
Vincenzo Montella,Vinícius Jr,3,4,2024,NA
Vincenzo Montella,Rodri,1,4,2024,NA
Serkan Saydam,Ousmane Dembélé,5,4,2025,NA
Serkan Saydam,Achraf Hakimi,3,4,2025,NA
Serkan Saydam,Lamine Yamal,1,4,2025,NA
Mehmet Arslan,Lionel Messi,5,4,2023,NA
Mehmet Arslan,Erling Haaland,3,4,2023,NA
Mehmet Arslan,İlkay Gündoğan,1,4,2023,NA
Mehmet Arslan,Vinícius Jr,5,4,2024,NA
Mehmet Arslan,Jude Bellingham,3,4,2024,NA
Mehmet Arslan,Erling Haaland,1,4,2024,NA
Mathew Ryan,Harry Kane,5,4,2025,NA
Mathew Ryan,Ousmane Dembélé,3,4,2025,NA
Mathew Ryan,Kylian Mbappé,1,4,2025,NA
Mathew Ryan,Lionel Messi,5,4,2023,NA
Mathew Ryan,Erling Haaland,3,4,2023,NA
Mathew Ryan,Victor Osimhen,1,4,2023,NA
Mathew Ryan,Vinícius Jr,5,4,2024,NA
Mathew Ryan,Rodri,3,4,2024,NA
Mathew Ryan,Jude Bellingham,1,4,2024,NA
Tony Popovic,Ousmane Dembélé,5,4,2025,NA
Tony Popovic,Raphinha,3,4,2025,NA
Tony Popovic,Vitinha,1,4,2025,NA
Tony Popovic,Vinícius Jr,5,4,2024,NA
Tony Popovic,Rodri,3,4,2024,NA
Tony Popovic,Erling Haaland,1,4,2024,NA
Vince Rugari,Harry Kane,5,4,2025,NA
Vince Rugari,Ousmane Dembélé,3,4,2025,NA
Vince Rugari,Lamine Yamal,1,4,2025,NA
Simon Hill,Julián Álvarez,5,4,2023,NA
Simon Hill,Lionel Messi,3,4,2023,NA
Simon Hill,Erling Haaland,1,4,2023,NA
Simon Hill,Rodri,5,4,2024,NA
Simon Hill,Vinícius Jr,3,4,2024,NA
Simon Hill,Dani Carvajal,1,4,2024,NA
Graham Arnold,Ousmane Dembélé,5,4,2025,NA
Graham Arnold,Lamine Yamal,3,4,2025,NA
Graham Arnold,Kylian Mbappé,1,4,2025,NA
Graham Arnold,Erling Haaland,5,4,2023,NA
Graham Arnold,Lionel Messi,3,4,2023,NA
Graham Arnold,Kylian Mbappé,1,4,2023,NA
Alphonso Davies,Harry Kane,5,2,2025,NA
Alphonso Davies,Ousmane Dembélé,3,4,2025,NA
Alphonso Davies,Lamine Yamal,1,4,2025,NA
Alphonso Davies,Vinícius Jr,5,4,2024,NA
Alphonso Davies,Lamine Yamal,3,4,2024,NA
Alphonso Davies,Jude Bellingham,1,4,2024,NA
Jesse Marsch,Raphinha,5,4,2025,NA
Jesse Marsch,Mohamed Salah,3,4,2025,NA
Jesse Marsch,Lamine Yamal,1,4,2025,NA
Jesse Marsch,Erling Haaland,5,4,2024,NA
Jesse Marsch,Rodri,3,4,2024,NA
Jesse Marsch,Vinícius Jr,1,4,2024,NA
Neil Davidson,Ousmane Dembélé,5,4,2025,NA
Neil Davidson,Lamine Yamal,3,4,2025,NA
Neil Davidson,Vitinha,1,4,2025,NA
Neil Davidson,Erling Haaland,5,4,2023,NA
Neil Davidson,Lionel Messi,3,4,2023,NA
Neil Davidson,Kylian Mbappé,1,4,2023,NA
Neil Davidson,Rodri,5,4,2024,NA
Neil Davidson,Vinícius Jr,3,4,2024,NA
Neil Davidson,Jude Bellingham,1,4,2024,NA
Milan Borjan,Lionel Messi,5,4,2023,NA
Milan Borjan,Erling Haaland,3,4,2023,NA
Milan Borjan,Marcelo Brozović,1,4,2023,NA
Mauro Biello,Lionel Messi,5,4,2023,NA
Mauro Biello,Kylian Mbappé,3,4,2023,NA
Mauro Biello,Erling Haaland,1,4,2023,NA
Mykola Matvienko,Kylian Mbappé,5,4,2025,NA
Mykola Matvienko,Ousmane Dembélé,3,4,2025,NA
Mykola Matvienko,Harry Kane,1,4,2025,NA
Mykola Matvienko,Rodri,5,4,2024,NA
Mykola Matvienko,Vinícius Jr,3,4,2024,NA
Mykola Matvienko,Florian Wirtz,1,4,2024,NA
Serhii Rebrov,Kylian Mbappé,5,4,2025,NA
Serhii Rebrov,Ousmane Dembélé,3,4,2025,NA
Serhii Rebrov,Lamine Yamal,1,4,2025,NA
Serhii Rebrov,Kylian Mbappé,5,4,2023,NA
Serhii Rebrov,Lionel Messi,3,4,2023,NA
Serhii Rebrov,Erling Haaland,1,4,2023,NA
Serhii Rebrov,Rodri,5,4,2024,NA
Serhii Rebrov,Jude Bellingham,3,4,2024,NA
Serhii Rebrov,Vinícius Jr,1,4,2024,NA
Valerii Novobranets,Ousmane Dembélé,5,4,2025,NA
Valerii Novobranets,Lamine Yamal,3,4,2025,NA
Valerii Novobranets,Harry Kane,1,4,2025,NA
Valerii Novobranets,Erling Haaland,5,4,2023,NA
Valerii Novobranets,Kevin De Bruyne,3,4,2023,NA
Valerii Novobranets,Rodri,1,4,2023,NA
Valerii Novobranets,Rodri,5,4,2024,NA
Valerii Novobranets,Vinícius Jr,3,4,2024,NA
Valerii Novobranets,Erling Haaland,1,4,2024,NA
Andriy Yarmolenko,Lionel Messi,5,4,2023,NA
Andriy Yarmolenko,Kylian Mbappé,3,4,2023,NA
Andriy Yarmolenko,Kevin De Bruyne,1,4,2023,NA
Martin Odegaard,Ousmane Dembélé,5,4,2025,NA
Martin Odegaard,Vitinha,3,4,2025,NA
Martin Odegaard,Harry Kane,1,4,2025,NA
Martin Odegaard,Erling Haaland,5,1,2023,NA
Martin Odegaard,Lionel Messi,3,4,2023,NA
Martin Odegaard,Kylian Mbappé,1,4,2023,NA
Martin Odegaard,Vinícius Jr,5,4,2024,NA
Martin Odegaard,Rodri,3,4,2024,NA
Martin Odegaard,Erling Haaland,1,1,2024,NA
Ståle Solbakken,Vitinha,5,4,2025,NA
Ståle Solbakken,Pedri,3,4,2025,NA
Ståle Solbakken,Lamine Yamal,1,4,2025,NA
Ståle Solbakken,Erling Haaland,5,1,2023,NA
Ståle Solbakken,Kevin De Bruyne,3,4,2023,NA
Ståle Solbakken,Kylian Mbappé,1,4,2023,NA
Ståle Solbakken,Rodri,5,4,2024,NA
Ståle Solbakken,Erling Haaland,3,1,2024,NA
Ståle Solbakken,Jude Bellingham,1,4,2024,NA
Morten Pedersen,Vitinha,5,4,2025,NA
Morten Pedersen,Lamine Yamal,3,4,2025,NA
Morten Pedersen,Mohamed Salah,1,4,2025,NA
Morten Pedersen,Erling Haaland,5,1,2023,NA
Morten Pedersen,Kevin De Bruyne,3,4,2023,NA
Morten Pedersen,Bernardo Silva,1,4,2023,NA
Morten Pedersen,Rodri,5,4,2024,NA
Morten Pedersen,Vinícius Jr,3,4,2024,NA
Morten Pedersen,Erling Haaland,1,1,2024,NA
Anibal Godoy,Ousmane Dembélé,5,4,2025,NA
Anibal Godoy,Lamine Yamal,3,4,2025,NA
Anibal Godoy,Vitinha,1,4,2025,NA
Anibal Godoy,Lionel Messi,5,4,2023,NA
Anibal Godoy,Kylian Mbappé,3,4,2023,NA
Anibal Godoy,Erling Haaland,1,4,2023,NA
Anibal Godoy,Vinícius Jr,5,4,2024,NA
Anibal Godoy,Rodri,3,4,2024,NA
Anibal Godoy,Dani Carvajal,1,4,2024,NA
Thomas Christiansen,Ousmane Dembélé,5,4,2025,NA
Thomas Christiansen,Pedri,3,4,2025,NA
Thomas Christiansen,Lamine Yamal,1,4,2025,NA
Thomas Christiansen,Lionel Messi,5,4,2023,NA
Thomas Christiansen,Erling Haaland,3,4,2023,NA
Thomas Christiansen,Kylian Mbappé,1,4,2023,NA
Thomas Christiansen,Rodri,5,4,2024,NA
Thomas Christiansen,Vinícius Jr,3,4,2024,NA
Thomas Christiansen,Federico Valverde,1,4,2024,NA
David Samudio Garay,Ousmane Dembélé,5,4,2025,NA
David Samudio Garay,Lamine Yamal,3,4,2025,NA
David Samudio Garay,Kylian Mbappé,1,4,2025,NA
David Samudio Garay,Erling Haaland,5,4,2023,NA
David Samudio Garay,Rodri,3,4,2023,NA
David Samudio Garay,Kevin De Bruyne,1,4,2023,NA
David Samudio Garay,Rodri,5,4,2024,NA
David Samudio Garay,Vinícius Jr,3,4,2024,NA
David Samudio Garay,Jude Bellingham,1,4,2024,NA
Robert Lewandowski,Lamine Yamal,5,2,2025,NA
Robert Lewandowski,Raphinha,3,2,2025,NA
Robert Lewandowski,Pedri,1,2,2025,NA
Robert Lewandowski,Lionel Messi,5,4,2023,NA
Robert Lewandowski,İlkay Gündoğan,3,2,2023,NA
Robert Lewandowski,Erling Haaland,1,4,2023,NA
Robert Lewandowski,Rodri,5,4,2024,NA
Robert Lewandowski,Lamine Yamal,3,4,2024,NA
Robert Lewandowski,Dani Carvajal,1,4,2024,NA
Jan Urban,Harry Kane,5,4,2025,NA
Jan Urban,Lamine Yamal,3,4,2025,NA
Jan Urban,Vitinha,1,4,2025,NA
Michal Pol,Ousmane Dembélé,5,4,2025,NA
Michal Pol,Lamine Yamal,3,4,2025,NA
Michal Pol,Vitinha,1,4,2025,NA
Michal Pol,Erling Haaland,5,4,2023,NA
Michal Pol,Kevin De Bruyne,3,4,2023,NA
Michal Pol,Victor Osimhen,1,4,2023,NA
Michal Pol,Dani Carvajal,5,4,2024,NA
Michal Pol,Vinícius Jr,3,4,2024,NA
Michal Pol,Rodri,1,4,2024,NA
Michał Probierz,Kevin De Bruyne,5,4,2023,NA
Michał Probierz,Lionel Messi,3,4,2023,NA
Michał Probierz,Erling Haaland,1,4,2023,NA
Michał Probierz,Toni Kroos,5,4,2024,NA
Michał Probierz,Rodri,3,4,2024,NA
Michał Probierz,Lamine Yamal,1,4,2024,NA
Aaron Ramsey,Ousmane Dembélé,5,4,2025,NA
Aaron Ramsey,Lamine Yamal,3,4,2025,NA
Aaron Ramsey,Vitinha,1,4,2025,NA
Aaron Ramsey,Lionel Messi,5,4,2023,NA
Aaron Ramsey,Erling Haaland,3,4,2023,NA
Aaron Ramsey,Kevin De Bruyne,1,4,2023,NA
Aaron Ramsey,Vinícius Jr,5,4,2024,NA
Aaron Ramsey,Rodri,3,4,2024,NA
Aaron Ramsey,Jude Bellingham,1,4,2024,NA
Paul Abbandonato,Ousmane Dembélé,5,4,2025,NA
Paul Abbandonato,Lamine Yamal,3,4,2025,NA
Paul Abbandonato,Mohamed Salah,1,4,2025,NA
Paul Abbandonato,Erling Haaland,5,4,2023,NA
Paul Abbandonato,İlkay Gündoğan,3,4,2023,NA
Paul Abbandonato,Victor Osimhen,1,4,2023,NA
Paul Abbandonato,Vinícius Jr,5,4,2024,NA
Paul Abbandonato,Rodri,3,4,2024,NA
Paul Abbandonato,Dani Carvajal,1,4,2024,NA
Craig Bellamy,Rodri,5,4,2024,NA
Craig Bellamy,Vinícius Jr,3,4,2024,NA
Craig Bellamy,Dani Carvajal,1,4,2024,NA
Robert Page,Lionel Messi,5,4,2023,NA
Robert Page,Kylian Mbappé,3,4,2023,NA
Robert Page,Kevin De Bruyne,1,4,2023,NA
Aleksandr Golovin,Kylian Mbappé,5,4,2025,NA
Aleksandr Golovin,Lamine Yamal,3,4,2025,NA
Aleksandr Golovin,Ousmane Dembélé,1,4,2025,NA
Aleksandr Golovin,Toni Kroos,5,4,2024,NA
Aleksandr Golovin,Kylian Mbappé,3,4,2024,NA
Aleksandr Golovin,Vinícius Jr,1,4,2024,NA
Valeri Karpin,Vitinha,5,4,2025,NA
Valeri Karpin,Kylian Mbappé,3,4,2025,NA
Valeri Karpin,Ousmane Dembélé,1,4,2025,NA
Valeri Karpin,Lionel Messi,5,4,2023,NA
Valeri Karpin,Erling Haaland,3,4,2023,NA
Valeri Karpin,Kylian Mbappé,1,4,2023,NA
Oleg Koshelev,Ousmane Dembélé,5,4,2025,NA
Oleg Koshelev,Raphinha,3,4,2025,NA
Oleg Koshelev,Mohamed Salah,1,4,2025,NA
Oleg Koshelev,Kevin De Bruyne,5,4,2023,NA
Oleg Koshelev,Erling Haaland,3,4,2023,NA
Oleg Koshelev,Khvicha Kvaratskhelia,1,4,2023,NA
Oleg Koshelev,Rodri,5,4,2024,NA
Oleg Koshelev,Vinícius Jr,3,4,2024,NA
Oleg Koshelev,Dani Carvajal,1,4,2024,NA
Georgi Dzhikiya,Khvicha Kvaratskhelia,5,4,2023,NA
Georgi Dzhikiya,Lionel Messi,3,4,2023,NA
Georgi Dzhikiya,Kevin De Bruyne,1,4,2023,NA
Emerse Fae,Kylian Mbappé,5,4,2025,NA
Emerse Fae,Ousmane Dembélé,3,4,2025,NA
Emerse Fae,Vitinha,1,4,2025,NA
Emerse Fae,Vinícius Jr,5,4,2024,NA
Emerse Fae,Dani Carvajal,3,4,2024,NA
Emerse Fae,Florian Wirtz,1,4,2024,NA
Malick Traoré,Ousmane Dembélé,5,4,2025,NA
Malick Traoré,Achraf Hakimi,3,4,2025,NA
Malick Traoré,Vitinha,1,4,2025,NA
Magloire Gnae Oulidehi,Kevin De Bruyne,5,4,2023,NA
Magloire Gnae Oulidehi,Erling Haaland,3,4,2023,NA
Magloire Gnae Oulidehi,İlkay Gündoğan,1,4,2023,NA
Magloire Gnae Oulidehi,Vinícius Jr,5,4,2024,NA
Magloire Gnae Oulidehi,Rodri,3,4,2024,NA
Magloire Gnae Oulidehi,Jude Bellingham,1,4,2024,NA
Max Alain Gradel,Erling Haaland,5,4,2023,NA
Max Alain Gradel,Lionel Messi,3,4,2023,NA
Max Alain Gradel,Victor Osimhen,1,4,2023,NA
Jean Louis Gasset,Kylian Mbappé,5,4,2023,NA
Jean Louis Gasset,Lionel Messi,3,4,2023,NA
Jean Louis Gasset,Erling Haaland,1,4,2023,NA
Franck Kessié,Vinícius Jr,5,4,2024,NA
Franck Kessié,Dani Carvajal,3,4,2024,NA
Franck Kessié,Rodri,1,4,2024,NA
Andrew Robertson,Mohamed Salah,5,2,2025,NA
Andrew Robertson,Ousmane Dembélé,3,4,2025,NA
Andrew Robertson,Nuno Mendes,1,4,2025,NA
Andrew Robertson,Lionel Messi,5,4,2023,NA
Andrew Robertson,Erling Haaland,3,4,2023,NA
Andrew Robertson,Kylian Mbappé,1,4,2023,NA
Steve Clarke,Ousmane Dembélé,5,4,2025,NA
Steve Clarke,Vitinha,3,4,2025,NA
Steve Clarke,Mohamed Salah,1,4,2025,NA
Steve Clarke,Lionel Messi,5,4,2023,NA
Steve Clarke,Kylian Mbappé,3,4,2023,NA
Steve Clarke,Erling Haaland,1,4,2023,NA
Steve Clarke,Rodri,5,4,2024,NA
Steve Clarke,Lamine Yamal,3,4,2024,NA
Steve Clarke,Dani Carvajal,1,4,2024,NA
Scott Mcdermott,Vitinha,5,4,2025,NA
Scott Mcdermott,Ousmane Dembélé,3,4,2025,NA
Scott Mcdermott,Harry Kane,1,4,2025,NA
Scott Mcdermott,Rodri,5,4,2023,NA
Scott Mcdermott,Erling Haaland,3,4,2023,NA
Scott Mcdermott,İlkay Gündoğan,1,4,2023,NA
Scott Mcdermott,Rodri,5,4,2024,NA
Scott Mcdermott,Vinícius Jr,3,4,2024,NA
Scott Mcdermott,Dani Carvajal,1,4,2024,NA
Aleksandar Mitrovic,Ousmane Dembélé,5,4,2025,NA
Aleksandar Mitrovic,Kylian Mbappé,3,4,2025,NA
Aleksandar Mitrovic,Vitinha,1,4,2025,NA
Aleksandar Mitrovic,Vinícius Jr,5,4,2024,NA
Aleksandar Mitrovic,Erling Haaland,3,4,2024,NA
Aleksandar Mitrovic,Rodri,1,4,2024,NA
Veljko Paunovic,Kylian Mbappé,5,4,2025,NA
Veljko Paunovic,Pedri,3,4,2025,NA
Veljko Paunovic,Nuno Mendes,1,4,2025,NA
Milan Rasevic,Ousmane Dembélé,5,4,2025,NA
Milan Rasevic,Mohamed Salah,3,4,2025,NA
Milan Rasevic,Kylian Mbappé,1,4,2025,NA
Milan Rasevic,Erling Haaland,5,4,2023,NA
Milan Rasevic,Kevin De Bruyne,3,4,2023,NA
Milan Rasevic,Kylian Mbappé,1,4,2023,NA
Milan Rasevic,Rodri,5,4,2024,NA
Milan Rasevic,Dani Carvajal,3,4,2024,NA
Milan Rasevic,Vinícius Jr,1,4,2024,NA
Dragan Stojkovic,Erling Haaland,5,4,2023,NA
Dragan Stojkovic,Kylian Mbappé,3,4,2023,NA
Dragan Stojkovic,Rodri,1,4,2023,NA
Dragan Stojkovic,Rodri,5,4,2024,NA
Dragan Stojkovic,Vinícius Jr,3,4,2024,NA
Dragan Stojkovic,Erling Haaland,1,4,2024,NA
Dusan Tadic,Kevin De Bruyne,5,4,2023,NA
Dusan Tadic,Lionel Messi,3,4,2023,NA
Dusan Tadic,Kylian Mbappé,1,4,2023,NA
Gustavo Gomez,Ousmane Dembélé,5,4,2025,NA
Gustavo Gomez,Lamine Yamal,3,4,2025,NA
Gustavo Gomez,Kylian Mbappé,1,4,2025,NA
Gustavo Gomez,Lionel Messi,5,4,2023,NA
Gustavo Gomez,Erling Haaland,3,4,2023,NA
Gustavo Gomez,Kylian Mbappé,1,4,2023,NA
Gustavo Gomez,Vinícius Jr,5,4,2024,NA
Gustavo Gomez,Rodri,3,4,2024,NA
Gustavo Gomez,Erling Haaland,1,4,2024,NA
Gustavo Alfaro,Ousmane Dembélé,5,4,2025,NA
Gustavo Alfaro,Vitinha,3,4,2025,NA
Gustavo Alfaro,Pedri,1,4,2025,NA
Gustavo Alfaro,Toni Kroos,5,4,2024,NA
Gustavo Alfaro,Lionel Messi,3,4,2024,NA
Gustavo Alfaro,Jude Bellingham,1,4,2024,NA
Edgar Cantero,Ousmane Dembélé,5,4,2025,NA
Edgar Cantero,Lamine Yamal,3,4,2025,NA
Edgar Cantero,Vitinha,1,4,2025,NA
Edgar Cantero,Bernardo Silva,5,4,2023,NA
Edgar Cantero,Kevin De Bruyne,3,4,2023,NA
Edgar Cantero,Erling Haaland,1,4,2023,NA
Edgar Cantero,Vinícius Jr,5,4,2024,NA
Edgar Cantero,Rodri,3,4,2024,NA
Edgar Cantero,Toni Kroos,1,4,2024,NA
Daniel Garnero,Lionel Messi,5,4,2023,NA
Daniel Garnero,Julián Álvarez,3,4,2023,NA
Daniel Garnero,Kevin De Bruyne,1,4,2023,NA
Dominik Szoboszlai,Mohamed Salah,5,2,2025,NA
Dominik Szoboszlai,Ousmane Dembélé,3,4,2025,NA
Dominik Szoboszlai,Kylian Mbappé,1,4,2025,NA
Dominik Szoboszlai,Erling Haaland,5,4,2023,NA
Dominik Szoboszlai,Lionel Messi,3,4,2023,NA
Dominik Szoboszlai,Kylian Mbappé,1,4,2023,NA
Marco Rossi,Lamine Yamal,5,4,2025,NA
Marco Rossi,Ousmane Dembélé,3,4,2025,NA
Marco Rossi,Vitinha,1,4,2025,NA
Marco Rossi,Erling Haaland,5,4,2023,NA
Marco Rossi,Lionel Messi,3,4,2023,NA
Marco Rossi,Kylian Mbappé,1,4,2023,NA
Marco Rossi,Vinícius Jr,5,4,2024,NA
Marco Rossi,Rodri,3,4,2024,NA
Marco Rossi,Florian Wirtz,1,4,2024,NA
György Szöllösi,Ousmane Dembélé,5,4,2025,NA
György Szöllösi,Lamine Yamal,3,4,2025,NA
György Szöllösi,Kylian Mbappé,1,4,2025,NA
György Szöllösi,Erling Haaland,5,4,2023,NA
György Szöllösi,Kevin De Bruyne,3,4,2023,NA
György Szöllösi,Khvicha Kvaratskhelia,1,4,2023,NA
György Szöllösi,Dani Carvajal,5,4,2024,NA
György Szöllösi,Rodri,3,4,2024,NA
György Szöllösi,Vinícius Jr,1,4,2024,NA
Victor Lindelof,Ousmane Dembélé,5,4,2025,NA
Victor Lindelof,Raphinha,3,4,2025,NA
Victor Lindelof,Vitinha,1,4,2025,NA
Victor Lindelof,Erling Haaland,5,4,2023,NA
Victor Lindelof,Lionel Messi,3,4,2023,NA
Victor Lindelof,Bernardo Silva,1,4,2023,NA
Victor Lindelof,Rodri,5,4,2024,NA
Victor Lindelof,Vinícius Jr,3,4,2024,NA
Victor Lindelof,Erling Haaland,1,4,2024,NA
Graham Potter,Ousmane Dembélé,5,4,2025,NA
Graham Potter,Nuno Mendes,3,4,2025,NA
Graham Potter,Pedri,1,4,2025,NA
Simon Bank,Ousmane Dembélé,5,4,2025,NA
Simon Bank,Lamine Yamal,3,4,2025,NA
Simon Bank,Pedri,1,4,2025,NA
Simon Bank,Lionel Messi,5,4,2023,NA
Simon Bank,Erling Haaland,3,4,2023,NA
Simon Bank,Kylian Mbappé,1,4,2023,NA
Simon Bank,Rodri,5,4,2024,NA
Simon Bank,Vinícius Jr,3,4,2024,NA
Simon Bank,Dani Carvajal,1,4,2024,NA
Jon Dahl Tomasson,Rodri,5,4,2024,NA
Jon Dahl Tomasson,Vinícius Jr,3,4,2024,NA
Jon Dahl Tomasson,Lamine Yamal,1,4,2024,NA
Jan Andersson,Rodri,5,4,2023,NA
Jan Andersson,Kylian Mbappé,3,4,2023,NA
Jan Andersson,Lionel Messi,1,4,2023,NA
Tomas Soucek,Ousmane Dembélé,5,4,2025,NA
Tomas Soucek,Lamine Yamal,3,4,2025,NA
Tomas Soucek,Vitinha,1,4,2025,NA
Tomas Soucek,Erling Haaland,5,4,2023,NA
Tomas Soucek,Lionel Messi,3,4,2023,NA
Tomas Soucek,Kylian Mbappé,1,4,2023,NA
Tomas Soucek,Rodri,5,4,2024,NA
Tomas Soucek,Jude Bellingham,3,4,2024,NA
Tomas Soucek,Dani Carvajal,1,4,2024,NA
Jaroslav Köstl,Lamine Yamal,5,4,2025,NA
Jaroslav Köstl,Ousmane Dembélé,3,4,2025,NA
Jaroslav Köstl,Vitinha,1,4,2025,NA
Jan Palička,Lamine Yamal,5,4,2025,NA
Jan Palička,Ousmane Dembélé,3,4,2025,NA
Jan Palička,Mohamed Salah,1,4,2025,NA
Jan Palička,Erling Haaland,5,4,2023,NA
Jan Palička,Lionel Messi,3,4,2023,NA
Jan Palička,Kevin De Bruyne,1,4,2023,NA
Jan Palička,Rodri,5,4,2024,NA
Jan Palička,Jude Bellingham,3,4,2024,NA
Jan Palička,Florian Wirtz,1,4,2024,NA
Ivan Hasek,Rodri,5,4,2024,NA
Ivan Hasek,Lamine Yamal,3,4,2024,NA
Ivan Hasek,Vinícius Jr,1,4,2024,NA
Jaroslav Silhavy,Erling Haaland,5,4,2023,NA
Jaroslav Silhavy,Kevin De Bruyne,3,4,2023,NA
Jaroslav Silhavy,Kylian Mbappé,1,4,2023,NA
Milan Škriniar,Ousmane Dembélé,5,4,2025,NA
Milan Škriniar,Kylian Mbappé,3,4,2025,NA
Milan Škriniar,Vitinha,1,4,2025,NA
Milan Škriniar,Lionel Messi,5,4,2023,NA
Milan Škriniar,Kylian Mbappé,3,4,2023,NA
Milan Škriniar,Erling Haaland,1,4,2023,NA
Milan Škriniar,Kylian Mbappé,5,4,2024,NA
Milan Škriniar,Rodri,3,4,2024,NA
Milan Škriniar,Vinícius Jr,1,4,2024,NA
Francesco Calzona,Vitinha,5,4,2025,NA
Francesco Calzona,Pedri,3,4,2025,NA
Francesco Calzona,Ousmane Dembélé,1,4,2025,NA
Francesco Calzona,Erling Haaland,5,4,2023,NA
Francesco Calzona,Kevin De Bruyne,3,4,2023,NA
Francesco Calzona,Bernardo Silva,1,4,2023,NA
Francesco Calzona,Vinícius Jr,5,4,2024,NA
Francesco Calzona,Rodri,3,4,2024,NA
Francesco Calzona,Erling Haaland,1,4,2024,NA
Michal Zeman,Ousmane Dembélé,5,4,2025,NA
Michal Zeman,Nuno Mendes,3,4,2025,NA
Michal Zeman,Harry Kane,1,4,2025,NA
Michal Zeman,Kylian Mbappé,5,4,2023,NA
Michal Zeman,Erling Haaland,3,4,2023,NA
Michal Zeman,Lionel Messi,1,4,2023,NA
Michal Zeman,Vinícius Jr,5,4,2024,NA
Michal Zeman,Rodri,3,4,2024,NA
Michal Zeman,Toni Kroos,1,4,2024,NA
Martin Felix Ndtoungou Mpile,Lamine Yamal,5,4,2025,NA
Martin Felix Ndtoungou Mpile,Ousmane Dembélé,3,4,2025,NA
Martin Felix Ndtoungou Mpile,Harry Kane,1,4,2025,NA
Martin Felix Ndtoungou Mpile,Vinícius Jr,5,4,2024,NA
Martin Felix Ndtoungou Mpile,Erling Haaland,3,4,2024,NA
Martin Felix Ndtoungou Mpile,Jude Bellingham,1,4,2024,NA
Angu Lesley Ngwa Akonwi,Ousmane Dembélé,5,4,2025,NA
Angu Lesley Ngwa Akonwi,Achraf Hakimi,3,4,2025,NA
Angu Lesley Ngwa Akonwi,Kylian Mbappé,1,4,2025,NA
Angu Lesley Ngwa Akonwi,Rodri,5,4,2024,NA
Angu Lesley Ngwa Akonwi,Erling Haaland,3,4,2024,NA
Angu Lesley Ngwa Akonwi,Vinícius Jr,1,4,2024,NA
Vincent Aboubakar,Erling Haaland,5,4,2023,NA
Vincent Aboubakar,Kylian Mbappé,3,4,2023,NA
Vincent Aboubakar,Lionel Messi,1,4,2023,NA
Vincent Aboubakar,Vinícius Jr,5,4,2024,NA
Vincent Aboubakar,Dani Carvajal,3,4,2024,NA
Vincent Aboubakar,Kylian Mbappé,1,4,2024,NA
Rigobert Song Bahanag,Lionel Messi,5,4,2023,NA
Rigobert Song Bahanag,Kylian Mbappé,3,4,2023,NA
Rigobert Song Bahanag,Victor Osimhen,1,4,2023,NA
Anastasios Bakasetas,Ousmane Dembélé,5,4,2025,NA
Anastasios Bakasetas,Lamine Yamal,3,4,2025,NA
Anastasios Bakasetas,Vitinha,1,4,2025,NA
Anastasios Bakasetas,Lionel Messi,5,4,2023,NA
Anastasios Bakasetas,Erling Haaland,3,4,2023,NA
Anastasios Bakasetas,Kylian Mbappé,1,4,2023,NA
Anastasios Bakasetas,Rodri,5,4,2024,NA
Anastasios Bakasetas,Vinícius Jr,3,4,2024,NA
Anastasios Bakasetas,Jude Bellingham,1,4,2024,NA
Ivan Jovanovic,Lamine Yamal,5,4,2025,NA
Ivan Jovanovic,Kylian Mbappé,3,4,2025,NA
Ivan Jovanovic,Harry Kane,1,4,2025,NA
Ivan Jovanovic,Rodri,5,4,2024,NA
Ivan Jovanovic,Vinícius Jr,3,4,2024,NA
Ivan Jovanovic,Jude Bellingham,1,4,2024,NA
Nikolaos Kotsis,Ousmane Dembélé,5,4,2025,NA
Nikolaos Kotsis,Lamine Yamal,3,4,2025,NA
Nikolaos Kotsis,Mohamed Salah,1,4,2025,NA
Nikolaos Kotsis,Lionel Messi,5,4,2023,NA
Nikolaos Kotsis,Erling Haaland,3,4,2023,NA
Nikolaos Kotsis,Kylian Mbappé,1,4,2023,NA
Nikolaos Kotsis,Rodri,5,4,2024,NA
Nikolaos Kotsis,Vinícius Jr,3,4,2024,NA
Nikolaos Kotsis,Lamine Yamal,1,4,2024,NA
Gustavo Poyet,Lionel Messi,5,4,2023,NA
Gustavo Poyet,Erling Haaland,3,4,2023,NA
Gustavo Poyet,Kylian Mbappé,1,4,2023,NA
Ferjani Sassi,Achraf Hakimi,5,4,2025,NA
Ferjani Sassi,Kylian Mbappé,3,4,2025,NA
Ferjani Sassi,Ousmane Dembélé,1,4,2025,NA
Trabelsi Sami,Achraf Hakimi,5,4,2025,NA
Trabelsi Sami,Ousmane Dembélé,3,4,2025,NA
Trabelsi Sami,Mohamed Salah,1,4,2025,NA
Tarek Ghdiri,Ousmane Dembélé,5,4,2025,NA
Tarek Ghdiri,Achraf Hakimi,3,4,2025,NA
Tarek Ghdiri,Pedri,1,4,2025,NA
Tarek Ghdiri,Erling Haaland,5,4,2023,NA
Tarek Ghdiri,Kevin De Bruyne,3,4,2023,NA
Tarek Ghdiri,Victor Osimhen,1,4,2023,NA
Tarek Ghdiri,Dani Carvajal,5,4,2024,NA
Tarek Ghdiri,Rodri,3,4,2024,NA
Tarek Ghdiri,Vinícius Jr,1,4,2024,NA
Ali Abdi,Lionel Messi,5,4,2024,NA
Ali Abdi,Vinícius Jr,3,4,2024,NA
Ali Abdi,Lamine Yamal,1,4,2024,NA
Yaakoubi Kays,Vinícius Jr,5,4,2024,NA
Yaakoubi Kays,Jude Bellingham,3,4,2024,NA
Yaakoubi Kays,Dani Carvajal,1,4,2024,NA
Youssef Msakni,Lionel Messi,5,4,2023,NA
Youssef Msakni,Kylian Mbappé,3,4,2023,NA
Youssef Msakni,Erling Haaland,1,4,2023,NA
Jalel Kadri,Kevin De Bruyne,5,4,2023,NA
Jalel Kadri,Kylian Mbappé,3,4,2023,NA
Jalel Kadri,Victor Osimhen,1,4,2023,NA
Chancel Mbemba,Ousmane Dembélé,5,4,2025,NA
Chancel Mbemba,Achraf Hakimi,3,4,2025,NA
Chancel Mbemba,Vitinha,1,4,2025,NA
Chancel Mbemba,Lionel Messi,5,4,2023,NA
Chancel Mbemba,Kylian Mbappé,3,4,2023,NA
Chancel Mbemba,Kevin De Bruyne,1,4,2023,NA
Chancel Mbemba,Kylian Mbappé,5,4,2024,NA
Chancel Mbemba,Vinícius Jr,3,4,2024,NA
Chancel Mbemba,Lamine Yamal,1,4,2024,NA
Sébastien Desabre,Ousmane Dembélé,5,4,2025,NA
Sébastien Desabre,Achraf Hakimi,3,4,2025,NA
Sébastien Desabre,Mohamed Salah,1,4,2025,NA
Sébastien Desabre,Erling Haaland,5,4,2023,NA
Sébastien Desabre,Kylian Mbappé,3,4,2023,NA
Sébastien Desabre,Victor Osimhen,1,4,2023,NA
Sébastien Desabre,Vinícius Jr,5,4,2024,NA
Sébastien Desabre,Rodri,3,4,2024,NA
Sébastien Desabre,Erling Haaland,1,4,2024,NA
Michel Tobo,Raphinha,5,4,2025,NA
Michel Tobo,Lamine Yamal,3,4,2025,NA
Michel Tobo,Pedri,1,4,2025,NA
Michel Tobo,Lionel Messi,5,4,2023,NA
Michel Tobo,Erling Haaland,3,4,2023,NA
Michel Tobo,İlkay Gündoğan,1,4,2023,NA
Michel Tobo,Jude Bellingham,5,4,2024,NA
Michel Tobo,Lamine Yamal,3,4,2024,NA
Michel Tobo,Dani Carvajal,1,4,2024,NA
Ianis Hagi,Lamine Yamal,5,4,2025,NA
Ianis Hagi,Raphinha,3,4,2025,NA
Ianis Hagi,Ousmane Dembélé,1,4,2025,NA
Mircea Lucescu,Harry Kane,5,4,2025,NA
Mircea Lucescu,Raphinha,3,4,2025,NA
Mircea Lucescu,Kylian Mbappé,1,4,2025,NA
Mircea Lucescu,Vinícius Jr,5,4,2024,NA
Mircea Lucescu,Toni Kroos,3,4,2024,NA
Mircea Lucescu,Erling Haaland,1,4,2024,NA
Theodor Jumatate,Ousmane Dembélé,5,4,2025,NA
Theodor Jumatate,Lamine Yamal,3,4,2025,NA
Theodor Jumatate,Mohamed Salah,1,4,2025,NA
Theodor Jumatate,Erling Haaland,5,4,2023,NA
Theodor Jumatate,Kevin De Bruyne,3,4,2023,NA
Theodor Jumatate,Khvicha Kvaratskhelia,1,4,2023,NA
Theodor Jumatate,Vinícius Jr,5,4,2024,NA
Theodor Jumatate,Rodri,3,4,2024,NA
Theodor Jumatate,Jude Bellingham,1,4,2024,NA
Nicolae Stanciu,Lionel Messi,5,4,2023,NA
Nicolae Stanciu,Kylian Mbappé,3,4,2023,NA
Nicolae Stanciu,Kevin De Bruyne,1,4,2023,NA
Nicolae Stanciu,Toni Kroos,5,4,2024,NA
Nicolae Stanciu,Dani Carvajal,3,4,2024,NA
Nicolae Stanciu,Rodri,1,4,2024,NA
Edward Marius Iordanescu,Erling Haaland,5,4,2023,NA
Edward Marius Iordanescu,Kylian Mbappé,3,4,2023,NA
Edward Marius Iordanescu,Victor Osimhen,1,4,2023,NA
Salomón Rondón,Ousmane Dembélé,5,4,2025,NA
Salomón Rondón,Pedri,3,4,2025,NA
Salomón Rondón,Harry Kane,1,4,2025,NA
Oswaldo Vizcarrondo,Ousmane Dembélé,5,4,2025,NA
Oswaldo Vizcarrondo,Vitinha,3,4,2025,NA
Oswaldo Vizcarrondo,Lamine Yamal,1,4,2025,NA
Humberto Perozo Suárez,Ousmane Dembélé,5,4,2025,NA
Humberto Perozo Suárez,Raphinha,3,4,2025,NA
Humberto Perozo Suárez,Lamine Yamal,1,4,2025,NA
Humberto Perozo Suárez,Erling Haaland,5,4,2023,NA
Humberto Perozo Suárez,Rodri,3,4,2023,NA
Humberto Perozo Suárez,Kevin De Bruyne,1,4,2023,NA
Humberto Perozo Suárez,Vinícius Jr,5,4,2024,NA
Humberto Perozo Suárez,Lamine Yamal,3,4,2024,NA
Humberto Perozo Suárez,Rodri,1,4,2024,NA
Tomas Rincon,Lionel Messi,5,4,2023,NA
Tomas Rincon,Kylian Mbappé,3,4,2023,NA
Tomas Rincon,Erling Haaland,1,4,2023,NA
Tomas Rincon,Vinícius Jr,5,4,2024,NA
Tomas Rincon,Rodri,3,4,2024,NA
Tomas Rincon,Toni Kroos,1,4,2024,NA
Fernando Batista,Lionel Messi,5,4,2023,NA
Fernando Batista,Rodri,3,4,2023,NA
Fernando Batista,Julián Álvarez,1,4,2023,NA
Fernando Batista,Rodri,5,4,2024,NA
Fernando Batista,Vinícius Jr,3,4,2024,NA
Fernando Batista,Lionel Messi,1,4,2024,NA