id,role,nationality,club_2025,club_2024,club_2023
Sharif Mukhammad,1,Afghanistan,SKA Rostov-na-Donu,vereinslos,vereinslos
Berat Djimsiti,1,Albania,Atalanta Bergamo,Atalanta Bergamo,Atalanta Bergamo
Riyad Mahrez,1,Algeria,Al-Ahli SFC,Al-Ahli SFC,Manchester City
Roy Ledoux,1,American Samoa,Pago Youth,NA,Pago Youth
Marc Pujol Pons,1,Andorra,AC Escaldes,AC Escaldes,UE Engordany
Fredy Ribeiro,1,Angola,Bodrum FK,NA,Antalyaspor
Germain Hughes,1,Anguilla,Roaring Lions FC,Roaring Lions FC,Roaring Lions FC
Luther Wildin,1,Antigua and Barbuda,Stevenage FC,NA,Stevenage FC
Lionel Messi,1,Argentina,Inter Miami CF,Inter Miami CF,Inter Miami CF
Esuard Spertsian,1,Armenia,FK Krasnodar,NA,FK Krasnodar
Matthew Robert Lentink,1,Aruba,VW GOES,VW GOES,VW GOES
Mathew Ryan,1,Australia,UD Levante,AZ Alkmaar,AZ Alkmaar
David Alaba,1,Austria,Real Madrid,Real Madrid,Real Madrid
Emin Makhmudov,1,Azerbaijan,Neftchi Baku,NA,Neftchi Baku
Vance Wheaton,1,Bahamas,Westside SC Renegades FC,NA,Westside SC Renegades FC
Sayed Dhiya,1,Bahrain,Al-Khaldiya SC,NA,Al-Khaldiya SC
Jamal Bhuyan,1,Bangladesh,Brothers Union,NA,Sheikh Russel KC
Andre Applewhaite,1,Barbados,Weymouth Wales,Weymouth Wales,Weymouth Wales
Alexandr Martynovich,1,Belarus,Kairat Almaty,Rubin Kazan,Rubin Kazan
Youri Tielemans,1,Belgium,Aston Villa,Aston Villa,Aston Villa
Steve Mounie,1,Benin,Alanyaspor,FC Augsburg,Stade Brest 29
Dante Leverock,1,Bermuda,Dandy Town FC,NA,Dandy Town FC
Nima Wangdi,1,Bhutan,Paro FC,Paro FC,Thimpu City FC
Luis Fernando Haquin Lopez,1,Bolivia,Al-Tai,AA Ponte Preta,Deportivo Cali
Edin Dzeko,1,Bosnia and Herzegovina,AC Florenz,Fenerbahce,Fenerbahce
Kabelo Seakanyeng,1,Botswana,MAS Fès,NA,Olympique Khouribga
Marcos Aoás Corrêa,1,Brazil,Paris Saint-Germain,Paris Saint-Germain,Paris Saint-Germain
Tsharne Gallimore,1,British Virgin Islands,Enfield Town,NA,Hanworth Villa
Muhammad Azwan Ali Rahman,1,Brunei Darussalam,Brunei DPMM FC,Brunei DPMM FC,Brunei DPMM FC
Kiril Despodov,1,Bulgaria,PAOK Thessaloniki,PAOK Thessaloniki,PAOK Thessaloniki
Bertrand Traoré,1,Burkina Faso,AFC Sunderland,FC Villareal,Aston Villa
Frederic Nsabiyumva,1,Burundi,Västerås SK,NA,Västerås SK
Ryan Mendes,1,Cabo Verde,Igdir FK,Kocaelispor,Fatih Karagümrük
Krya Saret,1,Cambodia,Preah Khan Reach Svay Rieng,NA,Preah Khan Reach Svay Rieng
Alphonso Davies,1,Canada,FC Bayern München,FC Bayern München,FC Bayern München
Dandre Rowe,1,Cayman Islands,Scholars International SC,Scholars International SC,Scholars International SC
Cherubin Bassé,1,Central African Republic,Red Star Bangui,NA,NA
Marius Mouandilmadji,1,Chad,Samsunspor,NA,Samsunspor
Gabriel Suazo,1,Chile,FC Sevilla,NA,FC Toulouse
Yuning Zhang,1,China PR,Beijing Guoan,NA,Beijing Guoan
Po Liang Chen,1,Chinese Taipei,Qingdao West Coast,Qingdao West Coast,Qingdao West Coast
James Rodríguez,1,Colombia,Club Leon FC,Rayo Vallecano,FC Sao Paulo
Youssouf Mchangama,1,Comoros,Djabal FC Iconi,Djabal FC Iconi,Djabal FC Iconi
Bérenger Richy Itoua,1,Congo,AS Otohô,NA,AS Otohô
Chancel Mbemba,1,Congo DR,LOSC Lille,Olympique Marseille,Olympique Marseille
Thane Beal,1,Cook Islands,Tupapa Maraerenga,NA,NA
Francisco Calvo,1,Costa Rica,Al-Ettifaq FC,Hatayspor,Konyaspor
Luka Modric,1,Croatia,AC Mailand,Real Madrid,Real Madrid
Luis Javier Paradela Diaz,1,Cuba,Deportivo Saprissa,Deportivo Saprissa,Deportivo Saprissa
Kostakis Artymatas,1,Cyprus,Anorthosis Famagusta,Anorthosis Famagusta,Anorthosis Famagusta
Tomas Soucek,1,Czechia,West Ham United,West Ham United,West Ham United
Pierre Emile Højbjerg,1,Denmark,Olympique Marseille,Olympique Marseille,Tottenham Hotspur
Idriss Blha,1,Djibouti,AS Port,NA,NA
Travist Joseph,1,Dominica,Dublanc FC,NA,NA
Jean Carlos López Moscoso,1,Dominican Republic,Cibao FC,NA,NA
Enner Valencia,1,Ecuador,CF Pachuca,SC Internacional,SC Internacional
Mohamed Salah,1,Egypt,FC Liverpool,FC Liverpool,FC Liverpool
Julio Sibrian,1,El Salvador,CD Águila,NA,CD Águila
Harry Kane,1,England,FC Bayern München,FC Bayern München,FC Bayern München
Karol Mets,1,Estonia,FC St. Pauli,FC St. Pauli,FC St. Pauli
Lindo Thembinkosi Mkhonta,1,Eswatini,ZESCO United FC,NA,ZESCO United FC
Hayder Sherefa,1,Ethiopia,Adama Ketema FC,NA,NA
Hallur Hansson,1,Faroe Islands,KÍ Klaksvík,KÍ Klaksvík,KÍ Klaksvík
Roy Krishna,1,Fiji,Bula FC,Odisha FC,Odisha FC
Lukas Hradecky,1,Finland,AS Monaco,Bayer 04 Leverkusen,Bayer 04 Leverkusen
Bruno Ecuele Manga,1,Gabon,Paris 13 Atletico,vereinslos,Chamois Niortais FC
Omar Colley,1,Gambia,Al-Diraiyah FC,PAOK Thessaloniki,Besiktas JK
Guram Kashia,1,Georgia,Slovan Bratislava,Slovan Bratislava,Slovan Bratislava
Joshua Kimmich,1,Germany,FC Bayern München,FC Bayern München,FC Bayern München
Jordan Ayew,1,Ghana,Leicester City,Leicester City,Crystal Palace
Graeme Torrilla,1,Gibraltar,Lincoln Red Imps FC,NA,Lincoln Red Imps FC
Anastasios Bakasetas,1,Greece,Panathinaikos Athen,Panathinaikos Athen,Trabzonspor
Regan Charles-Cook,1,Grenada,Motherwell FC,NA,KAS Eupen
Jason Ryan Quitugua Cunliffe,1,Guam,FC Arizona,Guam Strykers FC,Guam Strykers FC
José Carlos Pinto Samayoa,1,Guatemala,Comunicaciones FC,Comunicaciones FC,Comunicaciones FC
Issiagia Sylla,1,Guinea,Asteras Tripolis Aktor,Montpellier HSC,Montpellier HSC
Jorge Nogueira,1,Guinea-Bissau,CD Costa do Sol,NA,Mes Kerman
Antony Lozano,1,Honduras,Santos Laguna,Santos Laguna,Getafe CF
Hung Fai Yapp,1,Hong Kong China,Eastern SC,Eastern SC,Eastern SC
Dominik Szoboszlai,1,Hungary,FC Liverpool,FC Liverpool,FC Liverpool
Orri Óskarsson,1,Iceland,Real Sociedad San Sebastián,NA,FC Kopenhagen
Gurpreet Singh Sandhu,1,India,Bengaluru FC,NA,Bengaluru FC
Jay Idzes,1,Indonesia,US Sassuolo,Venezia FC,Venezia FC
Alireza Jahanbakhsh,1,IR Iran,FCV Dender EH,SC Heerenveen,Feyernoord Rotterdam
Jalal Hassan ,1,Iraq,Al-Zawraa SC,Al-Zawraa SC,Al-Zawraa SC
Eliezer Dasa,1,Israel,NEC Nijmegen,Dynamo Moscow,Dynamo Moscow
Gianluigi Donnarumma,1,Italy,Manchester City,Paris Saint-Germain,Paris Saint-Germain
Wataru Endo,1,Japan,FC Liverpool,FC Liverpool,FC Liverpool
Ehsan Haddad,1,Jordan,Al-Hussein SC (Irbid),Al-Faisaly SC,Al-Faisaly SC
Nuraly Alip,1,Kazakhstan,Zenit St. Petersburg,NA,Zenit St. Petersburg
Michael Olunga Ogada,1,Kenya,Al-Arabi SC,Al-Duhail SC,Al-Duhail SC
Jang Kuk Chol,1,Korea DPR,Hwaebul SC,Hwaebul SC,Hwaebul SC
Heung Min Son,1,Korea Republic,LAFC,Tottenham Hotspur,Tottenham Hotspur
Amir Rrahmani,1,Kosovo,SSC Neapel,SSC Neapel,SSC Neapel
Khaled Al Rashidi,1,Kuwait,Kuwait SC,Qadsia SC,Qadsia SC
Kichin Valerii,1,Kyrgyz Republic,Bars,Locomotiv Tashkent,Enisey Krasnoyarsk
Bounphachan Bounkong,1,Laos,Svay Rieng,Svay Rieng,Svay Rieng
Kristers Tobers,1,Latvia,Aberdeen FC,Grashopper Club Zürich,Grashopper Club Zürich
Mohamad Haidar,1,Lebanon,Al-Ahed,Al-Ahed,Al-Ahed
Sekhoane Benedict Moerane,1,Lesotho,Orbit College,Orbit College,NA
Murad Al-Wuheeshi,1,Libya,Al-Ahly SC,Al-Ahly SC,Al-Ahly SC
Nicolas Hasler,1,Liechtenstein,FC Vaduz,FC Vaduz,FC Vaduz
Fedor Cernych,1,Lithuania,FK Kauno Žalgiris,FK Kauno Zalgiris,AEL Limassol
Laurent Jans,1,Luxembourg,SK Beveren,SK Beveren,SV Waldhof Mannheim
Chan Man,1,Macau,Benfica Macau,Benfica Macau,Benfica Macau
Rayan Raveloson,1,Madagascar,BSC Young Boys,NA,AJ Auxerre
Richard Mbulu,1,Malawi,UD Songo,NA,Al-Najaf FC
Matthew Davies,1,Malaysia,Johor DT,NA,Johor DT
Ali Samooh,1,Maldives,Maziya S&RC,Maziya S&RC,Maziya S&RC
Yves Bissouma,1,Mali,Tottenham Hotspur,Tottenham Hotspur,Tottenham Hotspur
Matthew Guillaumier,1,Malta,Stal Mielec,NA,Stal Mielec
Aly Abeid,1,Mauritania,CFR Cluj,NA,UTA Arad
Lindsay Rose,1,Mauritius,Aris Saloniki,Aris Saloniki,Legia Warschau
Edson Omar Alvarez Velazquez,1,Mexico,Fenerbahce,West Ham United,West Ham United
Rata Vadim,1,Moldova,FC Universitatea Cluj,FC Universitatea Cluj,FC Voluntari
Tsendayush Khurelbaatar,1,Mongolia,Brera Ilch FC,Brera Ilch FC,Central Stallions
Stevan Jovetic,1,Montenegro,Omonia Nikosia,Omonia Nikosia,Olympiacos Piräus
Brandon Comley,1,Montserrat,FC Walsall,NA,FC Walsall
Achraf Hakimi,1,Morocco,Paris Saint-Germain,Paris Saint-Germain,Paris Saint-Germain
Elias Pelembe,1,Mozambique,UD Songo,UD Songo,Royal AM FC
Lwin Maung Maung,1,Myanmar,Lamphun Warriors,Lamphun Warriors,Lamphun Warriors
Riaan Hanamub,1,Namibia,AmaZulu FC,AmaZulu FC,AmaZulu FC
Kiran Limbu Chemjong,1,Nepal,Bangladesh Police FC,Punjab FC,Punjab FC
Virgil Van Dijk,1,Netherlands,FC Liverpool,FC Liverpool,FC Liverpool
Morgan Mathelon,1,New Caledonia,AS Tiga Sports,AS Tiga Sports,AS Tiga Sports
Chris Wood,1,New Zealand,Nottingham Forest,Nottingham Forest,Nottingham Forest
Juan Barrera,1,Nicaragua,Managua FC,Managua FC,Deportivo Guastatoya
Youssouf Oumarou,1,Niger,Al-Karma,Stade Tunisien,Esperance Tunis
William Ekong,1,Nigeria,Al-Kholood Club,Al-Kholood Club,PAOK Thessaloniki
Enis Bardhi,1,North Macedonia,Bodrum FK,Trabzonspor,Trabzonspor
Conor Bradley,1,Northern Ireland,FC Liverpool,NA,FC Liverpool
Martin Odegaard,1,Norway,FC Arsenal,FC Arsenal,FC Arsenal
Fayiz Alrushaidi,1,Oman,Al-Nahda Club,NA,Mes Rafsanjan
Abdullah Iqbal,1,Pakistan,Mjällby AIF,Mjällby AIF,Boldklubben af 1893
Musab Battat,1,Palestine,Qatar SC,Al-Faisaly SC,Shabab Al-Dhahirya SC
Anibal Godoy,1,Panama,San Diego FC,Nashville SC,Nashville SC
Raymond Gunemba,1,Papua New Guinea,Lae City FC,Lae City FC,Lautoka FC
Gustavo Gomez,1,Paraguay,Sociedade Esportiva Palmeiras,Sociedade Esportiva Palmeiras,Sociedade Esportiva Palmeiras
Pedro Gallese,1,Peru,Orlando City SC,NA,Orlando City SC
Amani Aguinaldo,1,Philippines,Brunei DPMM FC,Rayong FC,Trat FC
Robert Lewandowski,1,Poland,FC Barcelona,FC Barcelona,FC Barcelona
Bernardo Silva,1,Portugal,Manchester City,Manchester City,Manchester City
Leandro Antonetti,1,Puerto Rico,CF Estrela Amadora,Sevilla Atlético,CD Lugo
Hassan Alhaydos,1,Qatar,Al-Sadd SC,NA,Al-Sadd SC
Nathan Collins,1,Republic of Ireland,FC Brentford,NA,FC Brentford
Ianis Hagi,1,Romania,Alanyaspor,NA,Deportivo Alaves
Aleksandr Golovin,1,Russia,AS Monaco,AS Monaco,AS Monaco
Djihad Bizimana ,1,Rwanda,Al-Ahli SC,Kryvbas Kryvyi,Kryvbas Kryvyi
Andrew Setefano,1,Samoa,Lupe Ole Soaga,Lupe Ole Soaga,Lupe Ole Soaga
Matteo Vitaioli,1,San Marino,La Fiorita,La Fiorita,La Fiorita
Joel Neves,1,São Tomé and Príncipe,Oriental,NA,NA
Salem Aldawsari,1,Saudi Arabia,Al-Hilal SFC,Al-Hilal SFC,Al-Hilal SFC
Andrew Robertson,1,Scotland,FC Liverpool,FC Liverpool,FC Liverpool
Kalidou Koulibaly,1,Senegal,Al-Hilal SFC,Al-Hilal SFC,Al-Hilal SFC
Aleksandar Mitrovic,1,Serbia,Al-Rayyan SC,Al-Hilal SFC,FC Fulham
Elie Nelson Jr Sopha,1,Seychelles,St. Michel United,NA,NA
Mustapha Bundu,1,Sierra Leone,Hannover 96,Plymouth Argyle,Plymouth Argyle
Hariss Harun,1,Singapore,Lion City Sailors,Lion City Sailors,Lion City Sailors
Milan Škriniar,1,Slovakia,Fenerbahce,Paris Saint-Germain,Paris Saint-Germain
Jan Oblak,1,Slovenia,Atlético Madrid,Atlético Madrid,Atlético Madrid
Javin Alick,1,Solomon Islands,Solomon Kings,Solomon Kings,Solomon Kings
Abdulsamed Abdullahi,1,Somalia,FK Novi Pazar,Arsenal Tivat,GS Ergotelis
Ronwen Williams,1,South Africa,Mamelodi Sundowns FC,Mamelodi Sundowns FC,Mamelodi Sundowns FC
Atir Thomas Tom Magor,1,South Sudan,Hay Al-Wadi FC,NA,NA
Unai Simon Mendibil,1,Spain,Athletic Bilbao,NA,Athletic Bilbao
Sujan Perera,1,Sri Lanka,Fortis FC,TC Sports Club,TC Sports Club
Julani Archibald,1,St Kitts and Nevis,vereinslos,CD Victoria La Ceiba,CD Victoria La Ceiba
Oalex Anderson,1,St Vincent and the Grenadines,North Carolina FC,North Carolina FC,North Carolina FC
Dion Malone,1,Suriname,SC Telstar,Karmiotissa Pano Polemidion,Karmiotissa Pano Polemidion
Victor Lindelof,1,Sweden,Aston Villa,Manchester United,Manchester United
Granit Xhaka,1,Switzerland,AFC Sunderland,Bayer 04 Leverkusen,Bayer 04 Leverkusen
Omar Khrbin,1,Syria,Al-Wahda FC,Al-Wahda FC,Al-Wahda FC
Teaonui Tehau,1,Tahiti,AS Vénus Mahina,AS Vénus Mahina,AS Vénus Mahina
Akhtam Nazarov,1,Tajikistan,Istiklol Dushanbe,Istiklol Dushanbe,Istiklol Dushanbe
Mbwana Ally Samatta,1,Tanzania,Le Havre HC,PAOK Thessaloniki,PAOK Thessaloniki
Chanathip Songkrasin,1,Thailand,BG Pathum United,BG Pathum United,Kawasaki Frontale
Gali Freitas,1,Timor-Leste,Persebaya Surabaya,PSIS Semarang,PSIS Semarang
Dakonam Ortega Djene,1,Togo,FC Getafe,FC Getafe,FC Getafe
Hemaloto Polovili,1,Tonga,Veitongo FC,Veitongo FC,NA
Kevin Molino,1,Trinidad and Tobago,Defence Force,NA,Columbus Crew
Ferjani Sassi,1,Tunisia,Al-Gharafa SC,NA,Al-Gharafa SC
Hakan Calhanoglu,1,Türkiye,Inter Mailand,Inter Mailand,Inter Mailand
Elman Tagayev,1,Turkmenistan,Ahal FK,NA,Ahal FK
Makenson Cadet,1,Turks and Caicos Islands,SWA Sharks,NA,Hardin-Simmons
Aucho Khalid,1,Uganda,Young Africans SC,Young Africans SC,Masr El Makasa
Mykola Matvienko,1,Ukraine,Shakhtar Donetsk,Shakhtar Donetsk,Shakhtar Donetsk
Ali Khaseif,1,United Arab Emirates,Al-Jazira Club,Al-Jazira Club,Al-Jazira Club
Jose Gimenez,1,Uruguay,Atlético Madrid,Atlético Madrid,Atlético Madrid
Joshua Ramos,1,US Virgin Islands,Chattanooga Red Wolfes SC,NA,NA
Tim Ream,1,USA,Charlotte FC,FC Fulham,FC Fulham
Eldor Shomurodov,1,Uzbekistan,Basaksehri FC,AS Rom,Cagliari Calcio
Michel Kalmalap Coulon,1,Vanuatu,Vanuatu United FC,NA,NA
Salomón Rondón,1,Venezuela,CF Pachuca,NA,CA River Plate
Manh Do,1,Vietnam,Ha Noi FC,Ha Noi FC,Ha Noi FC
Aaron Ramsey,1,Wales,UNAM Pumas,Cardiff City,Cardiff City
Harwan Alzubaidi,1,Yemen,Erbil SC,NA,Al-Hala SC
Lubambo Musonda,1,Zambia,1. FC Magdeburg,1. FC Magdeburg,AC Horsens
Elias Ahmad Manouchehr,2,Afghanistan,NA,NA,NA
Sylvio Mendes Campos,2,Albania,NA,NA,NA
Vladimir Petkovic,2,Algeria,NA,NA,NA
Travis Sinapati,2,American Samoa,NA,NA,NA
Koldo Alvarez De Eulate,2,Andorra,NA,NA,NA
Patrice Alain Marie Beaumelle,2,Angola,NA,NA,NA
Cleo Hamm,2,Anguilla,NA,NA,NA
Lionel Scaloni,2,Argentina,NA,NA,NA
Melikian Iegishe,2,Armenia,NA,NA,NA
Marvic Bermudez,2,Aruba,NA,NA,NA
Tony Popovic,2,Australia,NA,NA,NA
Ralf Rangnick,2,Austria,NA,NA,NA
Aykhan Abbasov,2,Azerbaijan,NA,NA,NA
Dragan Talajic,2,Bahrain,NA,NA,NA
Javier Cabrera,2,Bangladesh,NA,NA,NA
Kent Edward Hall,2,Barbados,NA,NA,NA
Carlos Alos Ferrer,2,Belarus,NA,NA,NA
Rudi Garcia,2,Belgium,NA,NA,NA
Philip Elexious Marin,2,Belize,NA,NA,NA
Gernot Rohr,2,Benin,NA,NA,NA
Michael Findlay,2,Bermuda,NA,NA,NA
Atsushi Nakamura,2,Bhutan,NA,NA,NA
Oscar Villegas,2,Bolivia,NA,NA,NA
Sergej Barbarez,2,Bosnia and Herzegovina,NA,NA,NA
Morena Ramoreboli,2,Botswana,NA,NA,NA
Carlo Ancelotti,2,Brazil,NA,NA,NA
David Pérez Asensio,2,British Virgin Islands,NA,NA,NA
Fabio Joaquim Maciel Da Silva,2,Brunei Darussalam,NA,NA,NA
Aleksandar Dimitrov,2,Bulgaria,NA,NA,NA
Brama Traoré,2,Burkina Faso,NA,NA,NA
Patrick Sangwa,2,Burundi,NA,NA,NA
Pedro Leitão Brito,2,Cabo Verde,NA,NA,NA
Koji Gyotoku,2,Cambodia,NA,NA,NA
Martin Felix Ndtoungou Mpile,2,Cameroon,NA,NA,NA
Jesse Marsch,2,Canada,NA,NA,NA
Colin Rowe,2,Cayman Islands,NA,NA,NA
Eloge Enza-Yamissi,2,Central African Republic,NA,NA,NA
Raoul Savoy,2,Chad,NA,NA,NA
Nicolas Córdova,2,Chile,NA,NA,NA
Jiayi Shao,2,China PR,NA,NA,NA
Matthew Barry Ross,2,Chinese Taipei,NA,NA,NA
Néstor Lorenzo,2,Colombia,NA,NA,NA
Stefano Cusin,2,Comoros,NA,NA,NA
Fabrizio Cesana,2,Congo,NA,NA,NA
Sébastien Desabre,2,Congo DR,NA,NA,NA
Tuka Tisam,2,Cook Islands,NA,NA,NA
Miguel Herrera Aguirre,2,Costa Rica,NA,NA,NA
Emerse Fae,2,Côte d'Ivoire,NA,NA,NA
Zlatko Dalić,2,Croatia,NA,NA,NA
Pedro Pablo Pereira Mesa,2,Cuba,NA,NA,NA
Dean Gorre,2,Curaçao,NA,NA,NA
Apostolos Mantzios,2,Cyprus,NA,NA,NA
Jaroslav Köstl,2,Czechia,NA,NA,NA
Brian Riemer,2,Denmark,NA,NA,NA
Stéphane Nado,2,Djibouti,NA,NA,NA
Ellington Sabin,2,Dominica,NA,NA,NA
Marcelo Neveleff,2,Dominican Republic,NA,NA,NA
Sebastián Beccacece,2,Ecuador,NA,NA,NA
Hossam Hassan,2,Egypt,NA,NA,NA
Hernán Gomez,2,El Salvador,NA,NA,NA
Thomas Tuchel,2,England,NA,NA,NA
Juan Micha Obiang Bicogo,2,Equatorial Guinea,NA,NA,NA
Jürgen Henn,2,Estonia,NA,NA,NA
Sifiso Ntibane,2,Eswatini,NA,NA,NA
Messay Teferi,2,Ethiopia,NA,NA,NA
Eydun Klakstein,2,Faroe Islands,NA,NA,NA
Stephane Auvray,2,Fiji,NA,NA,NA
Jacob Friis,2,Finland,NA,NA,NA
Didier Deschamps,2,France,NA,NA,NA
Johnathan Mckinstry,2,Gambia,NA,NA,NA
Willy Sagnol,2,Georgia,NA,NA,NA
Julian Nagelsmann,2,Germany,NA,NA,NA
Nana Otto Addo,2,Ghana,NA,NA,NA
Scott Wiseman,2,Gibraltar,NA,NA,NA
Ivan Jovanovic,2,Greece,NA,NA,NA
Anthony Modeste,2,Grenada,NA,NA,NA
Ross Awa,2,Guam,NA,NA,NA
Luis Fernando Tena Garduño,2,Guatemala,NA,NA,NA
Duarte Paulo,2,Guinea,NA,NA,NA
Emiliano Te,2,Guinea-Bissau,NA,NA,NA
Thomas Dooley,2,Guyana,NA,NA,NA
Sébastien Migné,2,Haiti,NA,NA,NA
Reinaldo Rueda Rivera,2,Honduras,NA,NA,NA
Ashley Westwood,2,Hong Kong China,NA,NA,NA
Marco Rossi,2,Hungary,NA,NA,NA
Arnar Gunnlaugsson,2,Iceland,NA,NA,NA
Khalid Jamil,2,India,NA,NA,NA
Nova Arianto,2,Indonesia,NA,NA,NA
Ardeshir Ghalehnoy,2,IR Iran,NA,NA,NA
Graham Arnold,2,Iraq,NA,NA,NA
Ran Ben Simon,2,Israel,NA,NA,NA
Gennaro Gattuso,2,Italy,NA,NA,NA
Hajime Moriyasu,2,Japan,NA,NA,NA
Jamal Sellami,2,Jordan,NA,NA,NA
Talgat Baisufinov,2,Kazakhstan,NA,NA,NA
Benni Mccarthy,2,Kenya,NA,NA,NA
Yun Jong Su,2,Korea DPR,NA,NA,NA
Myung Bo Hong,2,Korea Republic,NA,NA,NA
Franco Foda,2,Kosovo,NA,NA,NA
Hélio Filipe Dias De Sousa,2,Kuwait,NA,NA,NA
Urmat Abdukaimov,2,Kyrgyz Republic,NA,NA,NA
Hyeok-Jun Ha,2,Laos,NA,NA,NA
Paolo Nicolato,2,Latvia,NA,NA,NA
Miodrag Radulovic,2,Lebanon,NA,NA,NA
Leslie Makhetha Notsi,2,Lesotho,NA,NA,NA
Alejo Cissé,2,Libya,NA,NA,NA
Konrad Fünfstück,2,Liechtenstein,NA,NA,NA
Edgaras Jankauskas,2,Lithuania,NA,NA,NA
Jeff Strasser,2,Luxembourg,NA,NA,NA
Kar Lok Kenneth Kwok,2,Macau,NA,NA,NA
Corentin Martins,2,Madagascar,NA,NA,NA
Kalisto Pasuwa,2,Malawi,NA,NA,NA
Peter Cklamovski,2,Malaysia,NA,NA,NA
Mohamed Siyaz,2,Maldives,NA,NA,NA
Tom Saintfiet,2,Mali,NA,NA,NA
Emilio De Leo,2,Malta,NA,NA,NA
Aritz López Garay,2,Mauritania,NA,NA,NA
Guillaume Moullec,2,Mauritius,NA,NA,NA
Javier Aguirre,2,Mexico,NA,NA,NA
Lilian Popescu,2,Moldova,NA,NA,NA
Garidmagnai Bayasgalan,2,Mongolia,NA,NA,NA
Mirko Vučinić,2,Montenegro,NA,NA,NA
Angus Eve,2,Montserrat,NA,NA,NA
Hoalid Regragui,2,Morocco,NA,NA,NA
Francisco Queriol Conde Junior,2,Mozambique,NA,NA,NA
Myo Hlaing Win,2,Myanmar,NA,NA,NA
Collin Benjamin,2,Namibia,NA,NA,NA
Hari Khadka,2,Nepal,NA,NA,NA
Ronald Koeman,2,Netherlands,NA,NA,NA
Johan Sidaner,2,New Caledonia,NA,NA,NA
Darren Bazeley,2,New Zealand,NA,NA,NA
Marco Antonio Figueroa Montero,2,Nicaragua,NA,NA,NA
Zakariaou Ibrahim,2,Niger,NA,NA,NA
Blagoja Milevski,2,North Macedonia,NA,NA,NA
Michael Oneill,2,Northern Ireland,NA,NA,NA
Ståle Solbakken,2,Norway,NA,NA,NA
Carlos Queiroz,2,Oman,NA,NA,NA
Nolberto Albino Solano Todco,2,Pakistan,NA,NA,NA
Ehab Abu Jazar,2,Palestine,NA,NA,NA
Thomas Christiansen,2,Panama,NA,NA,NA
David Muta,2,Papua New Guinea,NA,NA,NA
Gustavo Alfaro,2,Paraguay,NA,NA,NA
Manuel Barreto,2,Peru,NA,NA,NA
Carles Cuadrat,2,Philippines,NA,NA,NA
Jan Urban,2,Poland,NA,NA,NA
Roberto Martinez,2,Portugal,NA,NA,NA
Charlie Trout,2,Puerto Rico,NA,NA,NA
Julen Lopetegui,2,Qatar,NA,NA,NA
Heimir Hallgrimsson,2,Republic of Ireland,NA,NA,NA
Mircea Lucescu,2,Romania,NA,NA,NA
Valeri Karpin,2,Russia,NA,NA,NA
Adel Amrouche,2,Rwanda,NA,NA,NA
Valerio Raccuglia,2,Samoa,NA,NA,NA
Roberto Cevoli,2,San Marino,NA,NA,NA
Ricardo Monsanto,2,São Tomé and Príncipe,NA,NA,NA
Herve Renard,2,Saudi Arabia,NA,NA,NA
Steve Clarke,2,Scotland,NA,NA,NA
Pape Bouna Thiaw,2,Senegal,NA,NA,NA
Veljko Paunovic,2,Serbia,NA,NA,NA
Ralph Jean-Louis,2,Seychelles,NA,NA,NA
Mohamed Kallon,2,Sierra Leone,NA,NA,NA
Gavin Lee,2,Singapore,NA,NA,NA
Francesco Calzona,2,Slovakia,NA,NA,NA
Matjaž Kek,2,Slovenia,NA,NA,NA
Josh Smith,2,Solomon Islands,NA,NA,NA
Yusuf Ali,2,Somalia,NA,NA,NA
Hugo Broos,2,South Africa,NA,NA,NA
Simon James Yor Kak,2,South Sudan,NA,NA,NA
Luis De La Fuente Castillo,2,Spain,NA,NA,NA
Abdullah Almutairi,2,Sri Lanka,NA,NA,NA
Travis Rogers,2,St Kitts and Nevis,NA,NA,NA
Stern John,2,St Lucia,NA,NA,NA
Ezra Hendrickson,2,St Vincent and the Grenadines,NA,NA,NA
James Appiah,2,Sudan,NA,NA,NA
Stanley Menzo,2,Suriname,NA,NA,NA
Graham Potter,2,Sweden,NA,NA,NA
Murat Yakin,2,Switzerland,NA,NA,NA
Jose Lana Fernández,2,Syria,NA,NA,NA
Raimana Buluc,2,Tahiti,NA,NA,NA
Goran Stevanovic,2,Tajikistan,NA,NA,NA
Miguel Angel Gamondi,2,Tanzania,NA,NA,NA
Anthony Hudson,2,Thailand,NA,NA,NA
José Pedro Alves Salazar,2,Timor-Leste,NA,NA,NA
Dare Nibombe,2,Togo,NA,NA,NA
Kilifi Solia Uele,2,Tonga,NA,NA,NA
Dwight Yorke,2,Trinidad and Tobago,NA,NA,NA
Trabelsi Sami,2,Tunisia,NA,NA,NA
Vincenzo Montella,2,Türkiye,NA,NA,NA
Rovshen Meredov,2,Turkmenistan,NA,NA,NA
Aaron Lawrence,2,Turks and Caicos Islands,NA,NA,NA
Paul Put,2,Uganda,NA,NA,NA
Serhii Rebrov,2,Ukraine,NA,NA,NA
Olaroiu Cosmin,2,United Arab Emirates,NA,NA,NA
Marcelo Bielsa,2,Uruguay,NA,NA,NA
Terrence Jones,2,US Virgin Islands,NA,NA,NA
Mauricio Pochettino,2,USA,NA,NA,NA
Fabio Cannavaro,2,Uzbekistan,NA,NA,NA
Lars Hopp,2,Vanuatu,NA,NA,NA
Oswaldo Vizcarrondo,2,Venezuela,NA,NA,NA
Sang Sik Kim,2,Vietnam,NA,NA,NA
Noureddine Ouldali,2,Yemen,NA,NA,NA
Moses Sichone,2,Zambia,NA,NA,NA
Mario Marinica,2,Zimbabwe,NA,NA,NA
Sayer Zaland,3,Afghanistan,NA,NA,NA
Endi Tufa,3,Albania,NA,NA,NA
Mohammed Rachid Belarbi,3,Algeria,NA,NA,NA
Victor Duaso Saludas,3,Andorra,NA,NA,NA
Geraldo Quiala,3,Angola,NA,NA,NA
Claudio Mauri,3,Argentina,NA,NA,NA
Robert Gasparyan,3,Armenia,NA,NA,NA
Andrew Vrolijk,3,Aruba,NA,NA,NA
Vince Rugari,3,Australia,NA,NA,NA
Stefan Grüneis,3,Austria,NA,NA,NA
Rasim Mövsümov,3,Azerbaijan,NA,NA,NA
Abdulla Ashoor,3,Bahrain,NA,NA,NA
Zaman Rejwan Uz,3,Bangladesh,NA,NA,NA
Sergey Nikolaev,3,Belarus,NA,NA,NA
Kristof Terreur,3,Belgium,NA,NA,NA
Mehluli Sibanda,3,Bermuda,NA,NA,NA
Thinley Namgay,3,Bhutan,NA,NA,NA
Rainer Durán Urquizu,3,Bolivia,NA,NA,NA
Emir Delić,3,Bosnia and Herzegovina,NA,NA,NA
Gaone Pearl Kerileng,3,Botswana,NA,NA,NA
Carlos Eduardo Mansur,3,Brazil,NA,NA,NA
Boyan Boychev,3,Bulgaria,NA,NA,NA
Siriki Dramé,3,Burkina Faso,NA,NA,NA
Liliane Nshimirimana,3,Burundi,NA,NA,NA
Chamroeun Ung,3,Cambodia,NA,NA,NA
Angu Lesley Ngwa Akonwi,3,Cameroon,NA,NA,NA
Neil Davidson,3,Canada,NA,NA,NA
Bienvenu Elie Gbelo,3,Central African Republic,NA,NA,NA
Salahadine Mahamat Sabour,3,Chad,NA,NA,NA
Danilo Díaz,3,Chile,NA,NA,NA
Dexing Ma,3,China PR,NA,NA,NA
Chihwei Hung,3,Chinese Taipei,NA,NA,NA
Diego Rueda,3,Colombia,NA,NA,NA
Djouma Elie-Dine,3,Comoros,NA,NA,NA
Michel Tobo,3,Congo DR,NA,NA,NA
Rashneel Kumar Madhur,3,Cook Islands,NA,NA,NA
David Goldberg,3,Costa Rica,NA,NA,NA
Malick Traoré,3,Côte d'Ivoire,NA,NA,NA
Robert Matteoni,3,Croatia,NA,NA,NA
Yasiel Cancio,3,Cuba,NA,NA,NA
Carl Ruiter,3,Curaçao,NA,NA,NA
Andreas Violaris,3,Cyprus,NA,NA,NA
Jan Palička,3,Czechia,NA,NA,NA
Klaus Egelund,3,Denmark,NA,NA,NA
Yacin Ahmed Moussa,3,Djibouti,NA,NA,NA
Garvin Richards,3,Dominica,NA,NA,NA
Jorge Rolando `,3,Dominican Republic,NA,NA,NA
Tito Rosales Cox,3,Ecuador,NA,NA,NA
Hady Elmadany,3,Egypt,NA,NA,NA
Josué Valiente,3,El Salvador,NA,NA,NA
John Cross,3,England,NA,NA,NA
Yolanda Aseco Esono Mangue,3,Equatorial Guinea,NA,NA,NA
Michael Seium,3,Eritrea,NA,NA,NA
Aet Suvari,3,Estonia,NA,NA,NA
Ashmond Innocent Nzima,3,Eswatini,NA,NA,NA
Hussen Abdulkeni,3,Ethiopia,NA,NA,NA
Símun Christian Olsen,3,Faroe Islands,NA,NA,NA
Anssi Karjalainen,3,Finland,NA,NA,NA
Cyrille De La Morinerie,3,France,NA,NA,NA
Momodou Bah,3,Gambia,NA,NA,NA
Mamuka Kvaratskhelia,3,Georgia,NA,NA,NA
Georg Holzner,3,Germany,NA,NA,NA
Gary Al Smith,3,Ghana,NA,NA,NA
Stephen Ignacio,3,Gibraltar,NA,NA,NA
Nikolaos Kotsis,3,Greece,NA,NA,NA
Michael Bascombe,3,Grenada,NA,NA,NA
Joseph Santo Tomas,3,Guam,NA,NA,NA
Carlos Marín Noriega,3,Guatemala,NA,NA,NA
Alpha Mady Touré,3,Guinea,NA,NA,NA
Rawle Toney,3,Guyana,NA,NA,NA
Lutherson Leon,3,Haiti,NA,NA,NA
Gonzalo Carias,3,Honduras,NA,NA,NA
Ho Yin Kwok,3,Hong Kong China,NA,NA,NA
György Szöllösi,3,Hungary,NA,NA,NA
Vidir Sigurdsson,3,Iceland,NA,NA,NA
Dhiman Sarkar,3,India,NA,NA,NA
Muhamad Rais Adnan,3,Indonesia,NA,NA,NA
Masoud Hossein,3,IR Iran,NA,NA,NA
Arshed Alsaedi,3,Iraq,NA,NA,NA
Uri Dagon,3,Israel,NA,NA,NA
Pierluigi Pardo,3,Italy,NA,NA,NA
Brian Lewis,3,Jamaica,NA,NA,NA
Hideo Tamaru,3,Japan,NA,NA,NA
Taiser Alomiri,3,Jordan,NA,NA,NA
Geniy Tulegenov,3,Kazakhstan,NA,NA,NA
Eric Njiru,3,Kenya,NA,NA,NA
Gun Lee,3,Korea Republic,NA,NA,NA
Lavdim Pireva,3,Kosovo,NA,NA,NA
Abdulaziz Jassim,3,Kuwait,NA,NA,NA
Bakyt Shukuraliev,3,Kyrgyz Republic,NA,NA,NA
Ekasanh Thipphachack,3,Laos,NA,NA,NA
Ilvars Koscinkevics,3,Latvia,NA,NA,NA
Hachem Makkeh,3,Lebanon,NA,NA,NA
Moorosi Simon Tsiane,3,Lesotho,NA,NA,NA
Anthony Kokoi,3,Liberia,NA,NA,NA
Haithem Elamari,3,Libya,NA,NA,NA
Jan Stärker,3,Liechtenstein,NA,NA,NA
Mindaugas Augustis,3,Lithuania,NA,NA,NA
Christelle Diederich,3,Luxembourg,NA,NA,NA
Samson Randrianiheriniaina,3,Madagascar,NA,NA,NA
Peter Kanjere,3,Malawi,NA,NA,NA
Ajitpal Singh Dhaliwal,3,Malaysia,NA,NA,NA
Azzam Ali,3,Maldives,NA,NA,NA
Boubacar Diakite,3,Mali,NA,NA,NA
Domenic Aquilina,3,Malta,NA,NA,NA
Brahim Sow Deïna,3,Mauritania,NA,NA,NA
Francisco Javier González,3,Mexico,NA,NA,NA
Alex Fosa,3,Moldova,NA,NA,NA
Enkhtuvshin Tserensodnom,3,Mongolia,NA,NA,NA
Danilo Mitrovic,3,Montenegro,NA,NA,NA
Basil Chambers,3,Montserrat,NA,NA,NA
Jalal Bounouar,3,Morocco,NA,NA,NA
João Arnaldo Carlija Chivale,3,Mozambique,NA,NA,NA
Sheefeni Nikodemus,3,Namibia,NA,NA,NA
Bikram Thapa,3,Nepal,NA,NA,NA
Jaap De Groot,3,Netherlands,NA,NA,NA
Martin Charmasson,3,New Caledonia,NA,NA,NA
Michael Burgess,3,New Zealand,NA,NA,NA
Jose Nectali Mora Zeledon,3,Nicaragua,NA,NA,NA
Abdel Malik Koudizé,3,Niger,NA,NA,NA
Oluwashina Okeleji,3,Nigeria,NA,NA,NA
Igor Panevski,3,North Macedonia,NA,NA,NA
Mark Mcintosh,3,Northern Ireland,NA,NA,NA
Morten Pedersen,3,Norway,NA,NA,NA
Nasser Darwish,3,Oman,NA,NA,NA
Chaudhry Muhammad Ashraf,3,Pakistan,NA,NA,NA
Majdi Qasem,3,Palestine,NA,NA,NA
David Samudio Garay,3,Panama,NA,NA,NA
Patricia Keamo,3,Papua New Guinea,NA,NA,NA
Edgar Cantero,3,Paraguay,NA,NA,NA
Pedro Eduardo Canelo Quispe,3,Peru,NA,NA,NA
Ryan Fenix,3,Philippines,NA,NA,NA
Michal Pol,3,Poland,NA,NA,NA
Vítor Serpa,3,Portugal,NA,NA,NA
Esteban Pagán Rivera,3,Puerto Rico,NA,NA,NA
Ali Almslmani,3,Qatar,NA,NA,NA
Philip Quinn,3,Republic of Ireland,NA,NA,NA
Theodor Jumatate,3,Romania,NA,NA,NA
Oleg Koshelev,3,Russia,NA,NA,NA
Eddie Nsabimana,3,Rwanda,NA,NA,NA
Elia Gorini,3,San Marino,NA,NA,NA
Sultan Almohawes,3,Saudi Arabia,NA,NA,NA
Scott Mcdermott,3,Scotland,NA,NA,NA
Thierno Souleymane Diallo,3,Senegal,NA,NA,NA
Milan Rasevic,3,Serbia,NA,NA,NA
Sahr Morris Jr,3,Sierra Leone,NA,NA,NA
David Lee,3,Singapore,NA,NA,NA
Michal Zeman,3,Slovakia,NA,NA,NA
Anze Baselj,3,Slovenia,NA,NA,NA
Crofton Utukana,3,Solomon Islands,NA,NA,NA
Gamadiid Guurre,3,Somalia,NA,NA,NA
Robert Marawa,3,South Africa,NA,NA,NA
Albino Kuek Deng Kuach,3,South Sudan,NA,NA,NA
Juan Ignacio Gallardo,3,Spain,NA,NA,NA
Neville Victor Anthony,3,Sri Lanka,NA,NA,NA
Terry Finisterre,3,St Lucia,NA,NA,NA
Tahir Salih,3,Sudan,NA,NA,NA
Desney Romeo,3,Suriname,NA,NA,NA
Simon Bank,3,Sweden,NA,NA,NA
Tobias Wedermann,3,Switzerland,NA,NA,NA
Mohamad Nadim Aljabi,3,Syria,NA,NA,NA
Olivier Huc,3,Tahiti,NA,NA,NA
Faridun Saliev,3,Tajikistan,NA,NA,NA
Evance Mhando,3,Tanzania,NA,NA,NA
Kim Junumporn,3,Thailand,NA,NA,NA
Kodjo Sedem Gounoubou,3,Togo,NA,NA,NA
Justin Akauola,3,Tonga,NA,NA,NA
Ian Prescott,3,Trinidad and Tobago,NA,NA,NA
Tarek Ghdiri,3,Tunisia,NA,NA,NA
Serkan Saydam,3,Türkiye,NA,NA,NA
Alexander Vershinin,3,Turkmenistan,NA,NA,NA
Mayamba Stephen,3,Uganda,NA,NA,NA
Valerii Novobranets,3,Ukraine,NA,NA,NA
Omran Mohamed,3,United Arab Emirates,NA,NA,NA
Rómulo Martínez Chenlo,3,Uruguay,NA,NA,NA
Amara Gilbert,3,US Virgin Islands,NA,NA,NA
Douglas Mcintyre,3,USA,NA,NA,NA
Davron Fayziev,3,Uzbekistan,NA,NA,NA
Humberto Perozo Suárez,3,Venezuela,NA,NA,NA
Minh Viet Nguyen,3,Vietnam,NA,NA,NA
Paul Abbandonato,3,Wales,NA,NA,NA
Basheer Senan,3,Yemen,NA,NA,NA
Elias Chipepo,3,Zambia,NA,NA,NA
Sikhumbuzo Moyo,3,Zimbabwe,NA,NA,NA
Ousmane Dembélé,4,France,Paris Saint-Germain,NA,NA
Kylian Mbappé,4,France,Real Madrid,Real Madrid,Paris Saint-Germain
Lamine Yamal,4,Spain,FC Barcelona,FC Barcelona,NA
Vitinha,4,Portugal,Paris Saint-Germain,NA,NA
Pedri,4,Spain,FC Barcelona,NA,NA
Raphinha,4,Brazil,FC Barcelona,NA,NA
Cole Palmer,4,England,FC Chelsea,NA,NA
Nuno Mendes,4,Portugal,Paris Saint-Germain,NA,NA
Felise Fata,1,American Samoa,NA,NA,NA
Alfredo Ribeiro,1,Angola,NA,NA,NA
Quinton Griffith,1,Antigua and Barbuda,NA,NA,NA
Varazdat Haroyan,1,Armenia,NA,NA,NA
Badavi Guseynov,1,Azerbaijan,NA,NA,NA
Leslie St. Fleur,1,Bahamas,NA,NA,NA
Sayed Mohamed Abbas,1,Bahrain,NA,NA,NA
Sohel Rana,1,Bangladesh,NA,NA,NA
Charles Tillett,1,Belize,NA,NA,NA
Dale Eve,1,Bermuda,NA,NA,NA
Thatayaone Ditlhokwe,1,Botswana,NA,NA,NA
Danilo Luiz Da Silva,1,Brazil,NA,NA,NA
Kavon Caesar,1,British Virgin Islands,NA,NA,NA
Saidi Ntibazonikza,1,Burundi,NA,NA,NA
Mohammed Khan,1,Cambodia,NA,NA,NA
Sadock Ndobe,1,Central African Republic,NA,NA,NA
Ahmat Abdramane,1,Chad,NA,NA,NA
Arturo Erasmo Vidal Pardo,1,Chile,NA,NA,NA
Wang Dalei,1,China PR,NA,NA,NA
Silvere Ganvoula Mboussy,1,Congo,NA,NA,NA
Eloy Room,1,Curaçao,NA,NA,NA
Hamze Abdi Idleh,1,Djibouti,NA,NA,NA
Glenson Prince,1,Dominica,NA,NA,NA
Nelson Bonilla,1,El Salvador,NA,NA,NA
Carlos Akapo Martinez,1,Equatorial Guinea,NA,NA,NA
Sifiso Samu Matse,1,Eswatini,NA,NA,NA
Yared Bayeh Belay,1,Ethiopia,NA,NA,NA
Liam Walker,1,Gibraltar,NA,NA,NA
Aaron Pierre,1,Grenada,NA,NA,NA
Mama Balde,1,Guinea-Bissau,NA,NA,NA
Johann Gudmundsson,1,Iceland,NA,NA,NA
Sandesh Jhingan,1,India,NA,NA,NA
Andre Blake,1,Jamaica,NA,NA,NA
Ashkat Tagybergen,1,Kazakhstan,NA,NA,NA
Ibrahim Samuel Amada,1,Madagascar,NA,NA,NA
John Banda,1,Malawi,NA,NA,NA
Dion Johan Cools,1,Malaysia,NA,NA,NA
Steve Borg,1,Malta,NA,NA,NA
Yaly Mohamed Dellah,1,Mauritania,NA,NA,NA
Alex James Dyer,1,Montserrat,NA,NA,NA
Paddy Mcnair,1,Northern Ireland,NA,NA,NA
Mohammed Al Musallami,1,Oman,NA,NA,NA
Garem Alwin Komolong,1,Papua New Guinea,NA,NA,NA
Paolo Guerrero,1,Peru,NA,NA,NA
Akram Afif,1,Qatar,NA,NA,NA
Seamus Coleman,1,Republic of Ireland,NA,NA,NA
Nicolae Stanciu,1,Romania,NA,NA,NA
Luis Anjos,1,São Tomé and Príncipe,NA,NA,NA
Peter Mabok,1,South Sudan,NA,NA,NA
Alvaro Morata Martin,1,Spain,NA,NA,NA
Aubrey David,1,Trinidad and Tobago,NA,NA,NA
Ali Abdi,1,Tunisia,NA,NA,NA
Arslanmyrat Amanov,1,Turkmenistan,NA,NA,NA
Billy Forbes,1,Turks and Caicos Islands,NA,NA,NA
Brian Kaltak,1,Vanuatu,NA,NA,NA
Tomas Rincon,1,Venezuela,NA,NA,NA
Abdulwasea Al-Matari,1,Yemen,NA,NA,NA
Usmon Toshev,2,Afghanistan,NA,NA,NA
Pedro Valdemar Soares Gonçalves,2,Angola,NA,NA,NA
Mikele Leigertwood,2,Antigua and Barbuda,NA,NA,NA
Suren Chakhalyan,2,Armenia,NA,NA,NA
Fernando Santos,2,Azerbaijan,NA,NA,NA
Nesly Jean,2,Bahamas,NA,NA,NA
Domenico Tedesco,2,Belgium,NA,NA,NA
Carlos Slusher,2,Belize,NA,NA,NA
Dorival Silvestre Júnior,2,Brazil,NA,NA,NA
Vinicius Eutropio,2,Brunei Darussalam,NA,NA,NA
Ilian Iliev,2,Bulgaria,NA,NA,NA
Joey Mark Jap Tjong,2,Cayman Islands,NA,NA,NA
Djimtan Yamtamadji,2,Chad,NA,NA,NA
Ricardo Alberto Gareca,2,Chile,NA,NA,NA
Branko Ivankovic,2,China PR,NA,NA,NA
Gary White,2,Chinese Taipei,NA,NA,NA
Barthélémy Ngastono,2,Congo,NA,NA,NA
Paulo Wanchope,2,Costa Rica,NA,NA,NA
Yunielys Castillo Carmenate,2,Cuba,NA,NA,NA
Sofronis Avgousti,2,Cyprus,NA,NA,NA
Ivan Hasek,2,Czechia,NA,NA,NA
Abdirahman Okieh Hadi,2,Djibouti,NA,NA,NA
David Dóniga Lara,2,El Salvador,NA,NA,NA
Lee Carsley,2,England,NA,NA,NA
Zdravko Logarusic,2,Eswatini,NA,NA,NA
Sherman Rob,2,Fiji,NA,NA,NA
Markku Kanerva,2,Finland,NA,NA,NA
Michel Dussuyer,2,Guinea,NA,NA,NA
Luis Boa Morte,2,Guinea-Bissau,NA,NA,NA
Wayne Dover,2,Guyana,NA,NA,NA
David Snorri Jonasson,2,Iceland,NA,NA,NA
Manolo Márquez,2,India,NA,NA,NA
Taeyong Shin,2,Indonesia,NA,NA,NA
Jesus Casas,2,Iraq,NA,NA,NA
Luciano Spalletti,2,Italy,NA,NA,NA
Stephen Mcclaren,2,Jamaica,NA,NA,NA
Cherchesov Stanislav,2,Kazakhstan,NA,NA,NA
Engin Firat,2,Kenya,NA,NA,NA
Yong Nam Sin,2,Korea DPR,NA,NA,NA
Juan Antonio Pizzi,2,Kuwait,NA,NA,NA
Maksim Lisitsyn,2,Kyrgyz Republic,NA,NA,NA
Thomas S. Kojo,2,Liberia,NA,NA,NA
Abubaker Alherk,2,Lybia,NA,NA,NA
Luc Holtz,2,Luxembourg,NA,NA,NA
Romuald Felix Rakotondrabe,2,Madagascar,NA,NA,NA
Pau Marti Vicente,2,Malaysia,NA,NA,NA
Ali Suzain,2,Maldives,NA,NA,NA
Davide Mazzotta,2,Malta,NA,NA,NA
Serghei Clescenco,2,Moldova,NA,NA,NA
Robert Prosinecki,2,Montenegro,NA,NA,NA
Walid Regragui,2,Morocco,NA,NA,NA
Nabin Neupane,2,Nepal,NA,NA,NA
Wael Elseisi,2,Oman,NA,NA,NA
Stephen Constantine,2,Pakistan,NA,NA,NA
Makram Daboub,2,Palestine,NA,NA,NA
Felipe Vega Arango Alonso,2,Papua New Guinea,NA,NA,NA
Jorge Daniel Fossati Lurachi,2,Peru,NA,NA,NA
Albert Capellas Herms,2,Philippines,NA,NA,NA
Michał Probierz,2,Poland,NA,NA,NA
Luis Garcia,2,Qatar,NA,NA,NA
Jimmy Mulisa,2,Rwanda,NA,NA,NA
Jess Ibrom,2,Samoa,NA,NA,NA
Dragan Stojkovic,2,Serbia,NA,NA,NA
Amidu Karim,2,Sierra Leone,NA,NA,NA
Tsutomu Ogura,2,Singapore,NA,NA,NA
Nicolas Dupuis,2,South Sudan,NA,NA,NA
Jon Dahl Tomasson,2,Sweden,NA,NA,NA
Samuel Garcia,2,Tahiti,NA,NA,NA
Gela Shekiladze,2,Tajikistan,NA,NA,NA
Hemed Ali,2,Tanzania,NA,NA,NA
Masatada Ishii,2,Thailand,NA,NA,NA
Simon Elissetche,2,Timor-Leste,NA,NA,NA
Yaakoubi Kays,2,Tunisia,NA,NA,NA
Mergen Orazov,2,Turkmenistan,NA,NA,NA
Paulo Jorge Gomes Bento,2,United Arab Emirates,NA,NA,NA
Srecko Katanec,2,Uzbekistan,NA,NA,NA
Juliano Antonio Schmeling,2,Vanuatu,NA,NA,NA
Fernando Batista,2,Venezuela,NA,NA,NA
Craig Bellamy,2,Wales,NA,NA,NA
Michael Nees,2,Zimbabwe,NA,NA,NA
Simon Hill,3,Australia,NA,NA,NA
Raihan Al Magni,3,Bangladesh,NA,NA,NA
Anmar Goodridge Boyce,3,Barbados,NA,NA,NA
Senankpon Perez Lekotan,3,Benin,NA,NA,NA
Namgay Zam,3,Bhutan,NA,NA,NA
Simao Rodrigues,3,Cabo Verde,NA,NA,NA
Raymon Singh,3,Cayman Islands,NA,NA,NA
Magloire Gnae Oulidehi,3,Côte d'Ivoire,NA,NA,NA
Gabriel Campos,3,El Salvador,NA,NA,NA
Indra Singh,3,Fiji,NA,NA,NA
Ari Virtanen,3,Finland,NA,NA,NA
Pablo Moussodji Ngoma,3,Gabon,NA,NA,NA
Baboucarr Camara,3,Gambia,NA,NA,NA
Sene Camara,3,Guinea-Bissau,NA,NA,NA
Triono Subagyo,3,Indonesia,NA,NA,NA
Valon Konushevci,3,Kosovo,NA,NA,NA
Mike Chalhoub,3,Lebanon,NA,NA,NA
Petz Lahure,3,Luxembourg,NA,NA,NA
Pedro Maia,3,Macau,NA,NA,NA
Shimaaz Ali,3,Maldives,NA,NA,NA
Mijalche Durgutov,3,North Macedonia,NA,NA,NA
Ashok Purohit,3,Oman,NA,NA,NA
Vaelei Von Dincklage,3,Samoa,NA,NA,NA
Suahills Dende,3,São Tomé and Príncipe,NA,NA,NA
Guedes Jose,3,Timor-Leste,NA,NA,NA
Sylvestre Gounoubou,3,Togo,NA,NA,NA
Mehmet Arslan,3,Türkiye,NA,NA,NA
Faizool Deo,3,Turks and Caicos Islands,NA,NA,NA
Bill Kiser,3,US Virgin Islands,NA,NA,NA
Harry Atisson,3,Vanuatu,NA,NA,NA
Vinícius Jr,4,Brazil,NA,Real Madrid,NA
Rodri,4,Spain,NA,Manchester City,Manchester City
Jude Bellingham,4,England,NA,Real Madrid,NA
Dani Carvajal,4,Spain,NA,Real Madrid,NA
Toni Kroos,4,Germany,NA,Real Madrid,NA
Erling Haaland,4,Norway,NA,Manchester City,Manchester City
Florian Wirtz,4,Germany,NA,Bayer 04 Leverkusen,NA
Federico Valverde,4,Uruguay,NA,NA,Real Madrid
Farshad Noor,1,Afghanistan,NA,NA,NA
Nicky Salapu,1,American Samoa,NA,NA,NA
Fernando Lewis,1,Aruba,NA,NA,NA
Jomo Harris,1,Barbados,NA,NA,NA
Siarhei Palitsevich,1,Belarus,NA,NA,NA
Romelu Lukaku Bolingoli,1,Belgium,NA,NA,NA
Evral Trapp,1,Belize,NA,NA,NA
Chencho Gyeltshen,1,Bhutan,NA,NA,NA
Marcelo Martins Moreno,1,Bolivia,NA,NA,NA
Carlos Casemiro,1,Brazil,NA,NA,NA
Mohd Hendra Azam Mohd Idris,1,Brunei Darussalam,NA,NA,NA
Kouch Sokumpheak,1,Cambodia,NA,NA,NA
Vincent Aboubakar,1,Cameroon,NA,NA,NA
Milan Borjan,1,Canada,NA,NA,NA
Saint-Cyr Ngam-Ngam,1,Central African Republic,NA,NA,NA
Ahmat Abdraman,1,Chad,NA,NA,NA
Gary Medel Soto,1,Chile,NA,NA,NA
Xi Wu,1,China PR,NA,NA,NA
Chun-Ching Wu,1,Chinese Taipei,NA,NA,NA
Radamel Flacao Garcia Zarate,1,Colombia,NA,NA,NA
Elfardou Ben Mohamed,1,Comoros,NA,NA,NA
Tahiri Elikana,1,Cook Islands,NA,NA,NA
Keilor Navas Gamboa,1,Costa Rica,NA,NA,NA
Max Alain Gradel,1,Cote d'Ivoire,NA,NA,NA
Leandro Bacuna,1,Curaçao,NA,NA,NA
Simon Kjär,1,Denmark,NA,NA,NA
Mario Gonzalez,1,El Salvador,NA,NA,NA
Emilio Nsue Lopez,1,Equatorial Guinea,NA,NA,NA
Ablelom Teklezghi Gebreyowhnnes,1,Eritrea,NA,NA,NA
Konstantin Vassiljev,1,Estonia,NA,NA,NA
Sifiso Matse,1,Eswatini,NA,NA,NA
Bekele Shemeles,1,Ethiopia,NA,NA,NA
Viljormur Davidsen,1,Faroe Islands,NA,NA,NA
Kylian Mbappe,1,France,NA,NA,NA
İlkay Gündoğan,1,Germany,NA,NA,NA
André Ayew,1,Ghana,NA,NA,NA
Roy Chipolina,1,Gibraltar,NA,NA,NA
Jacob Kwame Berkeley Agyepong,1,Grenada,NA,NA,NA
Naby Keita,1,Guinea,NA,NA,NA
Jonas Asvedo Mendes,1,Guinea-Bissau,NA,NA,NA
Daniel Wilson,1,Guyana,NA,NA,NA
Johny Placide,1,Haiti,NA,NA,NA
Aron Gunnarsson,1,Iceland,NA,NA,NA
Sunil Chhetri,1,India,NA,NA,NA
Asnawi Mangkualam Bahar,1,Indonesia,NA,NA,NA
Ehsan Hajisafi,1,IR Iran,NA,NA,NA
Khaled Ibrahim,1,Kuwait,NA,NA,NA
Phoutdavy Phommasane,1,Laos,NA,NA,NA
Hassan Maatouk,1,Lebanon,NA,NA,NA
William Jebor,1,Liberia,NA,NA,NA
Taher Binamer,1,Lybia,NA,NA,NA
Nicholas Mario De Almeida Torrao,1,Macau,NA,NA,NA
Hamari Traore,1,Mali,NA,NA,NA
Emmanuel Vincent Jean,1,Mauritius,NA,NA,NA
Guillermo Ochoa,1,Mexico,NA,NA,NA
Lyle Taylor,1,Montserrat,NA,NA,NA
Romain Ghanem Saiss,1,Morocco,NA,NA,NA
Ananias Gebhardt,1,Namibia,NA,NA,NA
Ahmed Musa,1,Nigeria,NA,NA,NA
Jonathan Evans,1,Northern Ireland,NA,NA,NA
Harib Al-Saadi,1,Oman,NA,NA,NA
Easah Suliman,1,Pakistan,NA,NA,NA
Neil Etheridge,1,Philippines,NA,NA,NA
Kepler Ferreira,1,Portugal,NA,NA,NA
Nicolas Cardona,1,Puerto Rico,NA,NA,NA
Hassan Al-Haydos,1,Qatar,NA,NA,NA
Georgi Dzhikiya,1,Russia,NA,NA,NA
Kyah Cahill,1,Samoa,NA,NA,NA
Alessandro Golinucci,1,San Marino,NA,NA,NA
Salman Alfaraj,1,Saudi Arabia,NA,NA,NA
Dusan Tadic,1,Serbia,NA,NA,NA
Benoit Marie,1,Seychelles,NA,NA,NA
Osman Kakay,1,Sierra Leone,NA,NA,NA
Joses Nawo,1,Solomon Islands,NA,NA,NA
Terell Thomas,1,St Lucia,NA,NA,NA
Cornelius Stewart,1,St Vincent and the Grenadines,NA,NA,NA
Shaquille Pinas,1,Suriname,NA,NA,NA
Omar Alsoma,1,Syria,NA,NA,NA
Parviz Umarbaev,1,Tajikistan,NA,NA,NA
Theerathon Bunmathan,1,Thailand,NA,NA,NA
Filomeno Junior Da Costa,1,Timor-Leste,NA,NA,NA
Youssef Msakni,1,Tunisia,NA,NA,NA
Andriy Yarmolenko,1,Ukraine,NA,NA,NA
James Mack,1,US Virgin Islands,NA,NA,NA
Christian Mate Pulisic,1,USA,NA,NA,NA
Ngoc Hai Que,1,Vietnam,NA,NA,NA
Wahid Alkhyad,1,Yemen,NA,NA,NA
Marvelous Nakamba,1,Zimbabwe,NA,NA,NA
Djamel Belmadi,2,Algeria,NA,NA,NA
Tunoa Lui,2,American Samoa,NA,NA,NA
Nigel Connor,2,Anguilla,NA,NA,NA
Oleksandr Petrakov,2,Armenia,NA,NA,NA
Giovanni De Biasi,2,Azerbaijan,NA,NA,NA
Orlando Costa,2,Barbados,NA,NA,NA
David Perez Asensio,2,Belize,NA,NA,NA
Pema Dorji,2,Bhutan,NA,NA,NA
Gustavo Costas,2,Bolivia,NA,NA,NA
Meho Kodro,2,Bosnia and Herzegovina,NA,NA,NA
Mogomotsi Mpote,2,Botswana,NA,NA,NA
Fernando Diniz,2,Brazil,NA,NA,NA
Mario Rivera Campesino,2,Brunei Darussalam,NA,NA,NA
Mladen Krstajić,2,Bulgaria,NA,NA,NA
Hubert Velud,2,Burkina Faso,NA,NA,NA
Etienne Ndayiragije,2,Burundi,NA,NA,NA
Felix Agustin Gonzalez Dalmas,2,Cambodia,NA,NA,NA
Rigobert Song Bahanag,2,Cameroon,NA,NA,NA
Mauro Biello,2,Canada,NA,NA,NA
Claudio Garcia,2,Cayman Islands,NA,NA,NA
Kevin Nicaise,2,Chad,NA,NA,NA
Eduardo Berizzo,2,Chile,NA,NA,NA
Aleksandar Jankovic,2,China PR,NA,NA,NA
Alan Taylor,2,Cook Islands,NA,NA,NA
Claudio Alejandro Vivas,2,Costa Rica,NA,NA,NA
Jean Louis Gasset,2,Cote d'Ivoire,NA,NA,NA
Temur Ketsbaia,2,Cyprus,NA,NA,NA
Jaroslav Silhavy,2,Czechia,NA,NA,NA
Kasper Hjulmand,2,Denmark,NA,NA,NA
Felix Sanchez Bas,2,Ecuador,NA,NA,NA
Rui Vitoria,2,Egypt,NA,NA,NA
Ruben De La Barrera,2,El Salvador,NA,NA,NA
Gareth Southgate,2,England,NA,NA,NA
Ermais Tewelde Asmorom,2,Eritrea,NA,NA,NA
Häberli Thomas,2,Estonia,NA,NA,NA
Dominic Kuseni Kunene,2,Eswatini,NA,NA,NA
Daniel Woldde,2,Ethiopia,NA,NA,NA
Hakan Ericson,2,Faroe Islands,NA,NA,NA
Timo Jankowski,2,Fiji,NA,NA,NA
Christopher Hughton,2,Ghana,NA,NA,NA
Julio Ribas,2,Gibraltar,NA,NA,NA
Gustavo Poyet,2,Greece,NA,NA,NA
Terry Connor,2,Grenada,NA,NA,NA
Kaba Diawara,2,Guinea,NA,NA,NA
Baciro Candé,2,Guinea-Bissau,NA,NA,NA
Jamaal Shabazz,2,Guyana,NA,NA,NA
Gabriel Calderon Pellegrino,2,Haiti,NA,NA,NA
Jörn Andersen,2,Hong Kong China,NA,NA,NA
Joey Gudjonsson,2,Iceland,NA,NA,NA
Igor Stimac,2,India,NA,NA,NA
Alon Hazan,2,Israel,NA,NA,NA
John Wall,2,Jamaica,NA,NA,NA
Lhoussaine Ammouta,2,Jordan,NA,NA,NA
Magomed Adiev,2,Kazakhstan,NA,NA,NA
Juergen Klinsmann,2,Korea Republic,NA,NA,NA
Primoz Gliha,2,Kosovo,NA,NA,NA
Rui Bento,2,Kuwait,NA,NA,NA
Stefan Tarkovic,2,Kyrgyz Republic,NA,NA,NA
Kanlaya Sysomvang,2,Laos,NA,NA,NA
Dainis Kazakevics,2,Latvia,NA,NA,NA
Aleksandar Ilic,2,Lebanon,NA,NA,NA
Ansumana Keita,2,Liberia,NA,NA,NA
Salem El Jelali,2,Libya,NA,NA,NA
Lazaro Fonseca Da Costa Oliveira,2,Macau,NA,NA,NA
Patrick Mabedi,2,Malawi,NA,NA,NA
Kim Pan Gon,2,Malaysia,NA,NA,NA
Eric Sekou Chelle,2,Mali,NA,NA,NA
Michele Marcolini,2,Malta,NA,NA,NA
Amir Abdou,2,Mauritania,NA,NA,NA
Etienne Olivier Fidy Rasoanaivo ,2,Mauritius,NA,NA,NA
Jaime Arturo Lozano Espin,2,Mexico,NA,NA,NA
Ichiro Otsuka,2,Mongolia,NA,NA,NA
Lee David Bowyer,2,Montserrat,NA,NA,NA
Michael Feichtenbeiner,2,Myanmar,NA,NA,NA
Vincenzo Alberto Annese,2,Nepal,NA,NA,NA
Jose Vitor Dos Santos Peseiro,2,Nigeria,NA,NA,NA
Harrison Kamake,2,Papua New Guinea,NA,NA,NA
Daniel Garnero,2,Paraguay,NA,NA,NA
Juan Reynoso Guzman,2,Peru,NA,NA,NA
Michael Weiss,2,Philippines,NA,NA,NA
Stephen Kenny,2,Republic of Ireland,NA,NA,NA
Edward Marius Iordanescu,2,Romania,NA,NA,NA
Gerard Marcel Alain Buscher,2,Rwanda,NA,NA,NA
Ryan Stewart,2,Samoa,NA,NA,NA
Fabrizio Costantini,2,San Marino,NA,NA,NA
Adriano Eusébio,2,São Tomé and Príncipe,NA,NA,NA
Roberto Mancini,2,Saudi Arabia,NA,NA,NA
Aliou Cissé,2,Senegal,NA,NA,NA
Takayuki Nishigaya,2,Singapore,NA,NA,NA
Felipe Vega Arango,2,Solomon Islands,NA,NA,NA
Rachid Lousteque,2,Somalia,NA,NA,NA
Andrew Morrison,2,Sri Lanka,NA,NA,NA
Austin Huggins,2,St Kitts and Nevis,NA,NA,NA
Theon Gordon,2,St Vincent and the Grenadines,NA,NA,NA
Aron Winter,2,Suriname,NA,NA,NA
Jan Andersson,2,Sweden,NA,NA,NA
Hector Raul Cuper,2,Syria,NA,NA,NA
Petar Šegrt,2,Tajikistan,NA,NA,NA
Mano Polking,2,Thailand,NA,NA,NA
Suntae Park,2,Timor-Leste,NA,NA,NA
Paulo Duarte,2,Togo,NA,NA,NA
Timote Moleni,2,Tonga,NA,NA,NA
Jalel Kadri,2,Tunisia,NA,NA,NA
Ricky Hill,2,Turks and Caicos Islands,NA,NA,NA
Morley Byekwaso,2,Uganda,NA,NA,NA
Gilberto Junior Damiano Maciel,2,US Virgin Islands,NA,NA,NA
Gregg Berhalter,2,USA,NA,NA,NA
Etienne Mermer,2,Vanuatu,NA,NA,NA
Philippe Bernard Victor Troussier,2,Vietnam,NA,NA,NA
Robert Page,2,Wales,NA,NA,NA
Miroslav Soukup,2,Yemen,NA,NA,NA
Abraham Grant,2,Zambia,NA,NA,NA
Baltemar Brito,2,Zimbabwe,NA,NA,NA
Seever Krozendijk,3,Aruba,NA,NA,NA
Lackner Gerhard,3,Austria,NA,NA,NA
Simba French,3,Bahamas,NA,NA,NA
Raihan Mahmood,3,Bangladesh,NA,NA,NA
Siarhei Nikalayeu,3,Belarus,NA,NA,NA
Earl Basden,3,Bermuda,NA,NA,NA
Duncan Kgangkenna,3,Botswana,NA,NA,NA
Martín Fernandez,3,Brazil,NA,NA,NA
Charlie Jackson,3,British Virgin Islands,NA,NA,NA
Emmanuel Kaba,3,Congo,NA,NA,NA
Jorge Bauger,3,Dominican Republic,NA,NA,NA
Fabien Essiane,3,Equatorial Guinea,NA,NA,NA
Chris Dlamini,3,Eswatini,NA,NA,NA
Zurab Potskhveria,3,Georgia,NA,NA,NA
Michel Ramboa,3,Madagascar,NA,NA,NA
Bakary Diakite,3,Mali,NA,NA,NA
Sandro Micallef,3,Malta,NA,NA,NA
Azmaal Hydoo,3,Mauritius,NA,NA,NA
Miron Goihman,3,Moldova,NA,NA,NA
Jalal Bouzrara,3,Morocco,NA,NA,NA
Lin Maw,3,Myanmar,NA,NA,NA
Jesse Jackson Kauraisa,3,Namibia,NA,NA,NA
Alam Zeb Safi,3,Pakistan,NA,NA,NA
Gerard Leonard Govinden,3,Seychelles,NA,NA,NA
Mohamed Elkhatim,3,Sudan,NA,NA,NA
Tanzania,3,Tanzania,NA,NA,NA
The Gambia,3,The Gambia,NA,NA,NA
Kevin De Bruyne,4,Belgium,NA,NA,Manchester City
Victor Osimhen,4,Nigeria,NA,NA,SSC Neapel
Julián Álvarez,4,Argentina,NA,NA,Manchester City
Khvicha Kvaratskhelia,4,Georgia,NA,NA,SSC Neapel
Marcelo Brozović,4,Croatia,NA,NA,Al-Nassr FC
Declan Rice,4,England,NA,NA,FC Arsenal
Ahmed Abdullahi Abdi Baanuu,1,Somalia,NA,NA,
Augustine Owen Eguavoen,2,Nigeria ,NA,,
Emmanuel Arnold Okwi,1,Uganda ,NA,,
Franck Kessié,1,Côte d'Ivoire,NA,,
Thierry Mouyouma,2,Gabon,NA,NA,NA
Saleh Ally Saleh,3,Tanzania,NA,NA,NA